{"level":"debug","message":"Marketplace service started","module":"marketplace","timestamp":"2026-08-04T16:55:12.516Z"}
{"level":"debug","message":"Call service started","module":"calls","timestamp":"2026-08-04T16:55:12.517Z"}
{"level":"debug","message":"Player Service started","module":"player","timestamp":"2026-08-04T16:55:12.517Z"}
{"level":"info","message":"Loading QBX bridge....","timestamp":"2026-08-04T16:55:12.517Z"}
{"level":"info","message":"QBX bridge initialized","timestamp":"2026-08-04T16:55:12.517Z"}
{"level":"debug","message":"Boot service started","module":"boot","timestamp":"2026-08-04T16:55:12.518Z"}
{"level":"debug","message":"Messages service started","module":"messages","timestamp":"2026-08-04T16:55:12.518Z"}
{"level":"debug","message":"Notes service started","module":"notes","timestamp":"2026-08-04T16:55:12.518Z"}
{"level":"debug","message":"Contacts service started","module":"contact","timestamp":"2026-08-04T16:55:12.518Z"}
{"level":"debug","message":"Photo service started","module":"photo","timestamp":"2026-08-04T16:55:12.524Z"}
{"level":"debug","message":"Twitter service started","module":"twitter","timestamp":"2026-08-04T16:55:12.525Z"}
{"level":"debug","message":"Match service started","module":"match","timestamp":"2026-08-04T16:55:12.525Z"}
{"level":"debug","message":"Beginning database schema validation","module":"boot","timestamp":"2026-08-04T16:55:13.397Z"}
{"level":"info","message":"Successfully started","timestamp":"2026-08-04T16:55:13.417Z"}
{"level":"info","message":"Executed query (SELECT COUNT(*) as count\n                       FROM information_schema.tables\n                       WHERE table_schema = ?\n                         AND table_name = ? [\"Qbox_7217A1\",\"players\"]) in 112.6906ms'","module":"DBInterface","timestamp":"2026-08-04T16:55:13.511Z"}
{"level":"info","message":"Executed query (SHOW COLUMNS IN players []) in 22.4595ms'","module":"DBInterface","timestamp":"2026-08-04T16:55:13.533Z"}
{"level":"debug","message":"Database schema successfully validated","module":"boot","timestamp":"2026-08-04T16:55:13.534Z"}
{"level":"info","message":"New NPWD Player added through event (1) (PFV2Q821)","module":"player","timestamp":"2026-08-04T16:56:49.465Z"}
{"level":"debug","message":{"_firstname":"Admin","_identifier":"PFV2Q821","_lastname":"K","_phoneNumber":"9185637251","source":1,"username":"QuickOtter4576"},"module":"player","timestamp":"2026-08-04T16:56:49.465Z"}
{"level":"info","message":"New NPWD Player added through event (1) (PFV2Q821)","module":"player","timestamp":"2026-08-04T16:56:49.472Z"}
{"level":"debug","message":{"_firstname":"Admin","_identifier":"PFV2Q821","_lastname":"K","_phoneNumber":"9185637251","source":1,"username":"QuickOtter4576"},"module":"player","timestamp":"2026-08-04T16:56:49.472Z"}
{"level":"silly","message":"netPromise > npwd:fetchTweets > RequestObj","module":"events","timestamp":"2026-08-04T16:56:49.582Z"}
{"level":"silly","message":{"data":{"pageId":0},"source":1},"module":"events","timestamp":"2026-08-04T16:56:49.582Z"}
{"level":"info","message":"Executed query (\n        SELECT *\n        FROM npwd_twitter_profiles\n        WHERE identifier = ?\n        LIMIT 1\n\t\t [\"PFV2Q821\"]) in 14.9497ms'","module":"DBInterface","timestamp":"2026-08-04T16:56:49.598Z"}
{"level":"warn","message":"Aborted fetching tweets for user PFV2Q821 because they do not have a profile.","module":"twitter","timestamp":"2026-08-04T16:56:49.598Z"}
{"level":"silly","message":"Response Promise Event npwd:fetchTweets:f247cdb4-71fe-4eaa-9133-e97598a54a1e (17.019ms), Data >>","module":"events","timestamp":"2026-08-04T16:56:49.599Z"}
{"level":"silly","message":{"data":[],"status":"ok"},"module":"events","timestamp":"2026-08-04T16:56:49.599Z"}
{"level":"silly","message":"netPromise > npwd:getOrCreateTwitterProfile > RequestObj","module":"events","timestamp":"2026-08-04T16:56:49.706Z"}
{"level":"silly","message":{"data":null,"source":1},"module":"events","timestamp":"2026-08-04T16:56:49.706Z"}
{"level":"silly","message":"netPromise > phone:getMyProfile > RequestObj","module":"events","timestamp":"2026-08-04T16:56:49.707Z"}
{"level":"silly","message":{"data":null,"source":1},"module":"events","timestamp":"2026-08-04T16:56:49.707Z"}
{"level":"silly","message":"netPromise > npwd:fetchMessageGroups > RequestObj","module":"events","timestamp":"2026-08-04T16:56:49.709Z"}
{"level":"silly","message":{"data":null,"source":1},"module":"events","timestamp":"2026-08-04T16:56:49.709Z"}
{"level":"silly","message":"netPromise > npwd-contact-getAll > RequestObj","module":"events","timestamp":"2026-08-04T16:56:49.711Z"}
{"level":"silly","message":{"data":null,"source":1},"module":"events","timestamp":"2026-08-04T16:56:49.712Z"}
{"level":"info","message":"Executed query (\n        SELECT *\n        FROM npwd_twitter_profiles\n        WHERE identifier = ?\n        LIMIT 1\n\t\t [\"PFV2Q821\"]) in 11.6501ms'","module":"DBInterface","timestamp":"2026-08-04T16:56:49.718Z"}
{"level":"info","message":"Creating default Twitter profile Admin_K for PFV2Q821","module":"twitter","timestamp":"2026-08-04T16:56:49.719Z"}
{"level":"info","message":"Executed query (\n        SELECT *\n        FROM npwd_twitter_profiles\n        WHERE identifier = ?\n        LIMIT 1\n\t\t [\"PFV2Q821\"]) in 4.2975ms'","module":"DBInterface","timestamp":"2026-08-04T16:56:49.741Z"}
{"level":"silly","message":"Response Promise Event npwd:getOrCreateTwitterProfile:1d75ff65-8def-4769-9727-38848b294bd4 (35.7759ms), Data >>","module":"events","timestamp":"2026-08-04T16:56:49.742Z"}
{"level":"silly","message":{"data":{"avatar_url":"https://i.fivemanage.com/images/3ClWwmpwkFhL.png","createdAt":"2026-08-04T16:56:49.000Z","id":1,"identifier":"PFV2Q821","profile_name":"Admin_K","updatedAt":"2026-08-04T16:56:49.000Z"},"status":"ok"},"module":"events","timestamp":"2026-08-04T16:56:49.742Z"}
{"level":"info","message":"Executed query (\n        SELECT *,\n               UNIX_TIMESTAMP(updatedAt) AS lastActive\n        FROM npwd_match_profiles\n        WHERE identifier = ?\n        LIMIT 1\n\t\t [\"PFV2Q821\"]) in 46.1588ms'","module":"DBInterface","timestamp":"2026-08-04T16:56:49.754Z"}
{"level":"info","message":"Creating default match profile Admin K for PFV2Q821","module":"match","timestamp":"2026-08-04T16:56:49.754Z"}
{"level":"silly","message":"Response Promise Event npwd-contact-getAll:643833dc-acfc-4524-80cd-a2f7f77ef832 (44.6892ms), Data >>","module":"events","timestamp":"2026-08-04T16:56:49.756Z"}
{"level":"silly","message":{"data":[],"status":"ok"},"module":"events","timestamp":"2026-08-04T16:56:49.756Z"}
{"level":"silly","message":"Response Promise Event npwd:fetchMessageGroups:6578a7d0-7ec2-4890-9f6d-c0358ae24acd (48.3473ms), Data >>","module":"events","timestamp":"2026-08-04T16:56:49.758Z"}
{"level":"silly","message":{"data":[],"status":"ok"},"module":"events","timestamp":"2026-08-04T16:56:49.758Z"}
{"level":"info","message":"Executed query (SELECT * FROM npwd_phone_contacts WHERE identifier = ? ORDER BY display ASC [\"PFV2Q821\"]) in 43.8482ms'","module":"DBInterface","timestamp":"2026-08-04T16:56:49.756Z"}
{"level":"info","message":"Executed query (SELECT npwd_messages_conversations.id,\n                          npwd_messages_conversations.conversation_list         as conversationList,\n                          npwd_messages_participants.unread_count               as unreadCount,\n                          npwd_messages_conversations.is_group_chat             as isGroupChat,\n                          npwd_messages_conversations.label,\n                          UNIX_TIMESTAMP(npwd_messages_conversations.updatedAt) as updatedAt,\n                          npwd_messages_participants.participant\n                   FROM npwd_messages_conversations\n                            INNER JOIN npwd_messages_participants\n                                       on npwd_messages_conversations.id = npwd_messages_participants.conversation_id\n                   WHERE npwd_messages_participants.participant = ? [\"9185637251\"]) in 47.5652ms'","module":"DBInterface","timestamp":"2026-08-04T16:56:49.757Z"}
{"level":"info","message":"Executed query (\n        SELECT *,\n               UNIX_TIMESTAMP(updatedAt) AS lastActive\n        FROM npwd_match_profiles\n        WHERE identifier = ?\n        LIMIT 1\n\t\t [\"PFV2Q821\"]) in 15.9854ms'","module":"DBInterface","timestamp":"2026-08-04T16:56:49.784Z"}
{"level":"silly","message":"Response Promise Event phone:getMyProfile:5dd7afbd-6c9f-4ce1-b813-5a21c2308577 (79.1668ms), Data >>","module":"events","timestamp":"2026-08-04T16:56:49.789Z"}
{"level":"silly","message":{"data":{"bio":"","createdAt":"2026-08-04T16:56:49.000Z","id":1,"identifier":"PFV2Q821","image":"https://upload.wikimedia.org/wikipedia/commons/a/ac/No_image_available.svg","job":"","lastActive":1785862609,"lastActiveFormatted":"Tue, 04 Aug 2026 16:56:49 GMT","location":"","name":"Admin K","tagList":[],"tags":"","updatedAt":"2026-08-04T16:56:49.000Z","viewed":false,"voiceMessage":null},"status":"ok"},"module":"events","timestamp":"2026-08-04T16:56:49.789Z"}
{"level":"info","message":"Executed query (SELECT id FROM npwd_marketplace_listings WHERE identifier = ? [\"PFV2Q821\"]) in 16.5667ms'","module":"DBInterface","timestamp":"2026-08-04T16:58:17.626Z"}
{"level":"info","message":"Executed query (DELETE FROM npwd_marketplace_listings WHERE identifier = ? AND reported = 0 [\"PFV2Q821\"]) in 14.3407ms'","module":"DBInterface","timestamp":"2026-08-04T16:58:17.640Z"}
{"level":"info","message":"Unloaded NPWD Player, source: (1)","module":"player","timestamp":"2026-08-04T16:58:17.640Z"}
{"level":"debug","message":"Marketplace service started","module":"marketplace","timestamp":"2026-08-05T11:23:15.482Z"}
{"level":"debug","message":"Call service started","module":"calls","timestamp":"2026-08-05T11:23:15.483Z"}
{"level":"debug","message":"Player Service started","module":"player","timestamp":"2026-08-05T11:23:15.484Z"}
{"level":"info","message":"Loading QBX bridge....","timestamp":"2026-08-05T11:23:15.484Z"}
{"level":"info","message":"QBX bridge initialized","timestamp":"2026-08-05T11:23:15.484Z"}
{"level":"debug","message":"Boot service started","module":"boot","timestamp":"2026-08-05T11:23:15.484Z"}
{"level":"debug","message":"Messages service started","module":"messages","timestamp":"2026-08-05T11:23:15.484Z"}
{"level":"debug","message":"Notes service started","module":"notes","timestamp":"2026-08-05T11:23:15.484Z"}
{"level":"debug","message":"Contacts service started","module":"contact","timestamp":"2026-08-05T11:23:15.484Z"}
{"level":"debug","message":"Photo service started","module":"photo","timestamp":"2026-08-05T11:23:15.490Z"}
{"level":"debug","message":"Twitter service started","module":"twitter","timestamp":"2026-08-05T11:23:15.490Z"}
{"level":"debug","message":"Match service started","module":"match","timestamp":"2026-08-05T11:23:15.490Z"}
{"level":"debug","message":"Beginning database schema validation","module":"boot","timestamp":"2026-08-05T11:23:16.004Z"}
{"level":"info","message":"Successfully started","timestamp":"2026-08-05T11:23:16.013Z"}
{"level":"info","message":"Executed query (SELECT COUNT(*) as count\n                       FROM information_schema.tables\n                       WHERE table_schema = ?\n                         AND table_name = ? [\"Qbox_7217A1\",\"players\"]) in 58.7408ms'","module":"DBInterface","timestamp":"2026-08-05T11:23:16.063Z"}
{"level":"info","message":"Executed query (SHOW COLUMNS IN players []) in 17.4273ms'","module":"DBInterface","timestamp":"2026-08-05T11:23:16.081Z"}
{"level":"debug","message":"Database schema successfully validated","module":"boot","timestamp":"2026-08-05T11:23:16.081Z"}
{"level":"info","message":"New NPWD Player added through event (1) (PFV2Q821)","module":"player","timestamp":"2026-08-05T11:26:07.386Z"}
{"level":"debug","message":{"_firstname":"Admin","_identifier":"PFV2Q821","_lastname":"K","_phoneNumber":"9185637251","source":1,"username":"QuickOtter4576"},"module":"player","timestamp":"2026-08-05T11:26:07.387Z"}
{"level":"info","message":"New NPWD Player added through event (1) (PFV2Q821)","module":"player","timestamp":"2026-08-05T11:26:07.400Z"}
{"level":"debug","message":{"_firstname":"Admin","_identifier":"PFV2Q821","_lastname":"K","_phoneNumber":"9185637251","source":1,"username":"QuickOtter4576"},"module":"player","timestamp":"2026-08-05T11:26:07.400Z"}
{"level":"silly","message":"netPromise > npwd:fetchTweets > RequestObj","module":"events","timestamp":"2026-08-05T11:26:07.441Z"}
{"level":"silly","message":{"data":{"pageId":0},"source":1},"module":"events","timestamp":"2026-08-05T11:26:07.441Z"}
{"level":"info","message":"Executed query (\n        SELECT *\n        FROM npwd_twitter_profiles\n        WHERE identifier = ?\n        LIMIT 1\n\t\t [\"PFV2Q821\"]) in 17.7031ms'","module":"DBInterface","timestamp":"2026-08-05T11:26:07.460Z"}
{"level":"info","message":"Executed query (\n        SELECT \n  npwd_twitter_tweets.id,\n  npwd_twitter_tweets.identifier,\n  npwd_twitter_profiles.id AS profile_id,\n  npwd_twitter_profiles.profile_name,\n  npwd_twitter_profiles.avatar_url,\n  npwd_twitter_tweets.likes,\n  npwd_twitter_tweets.visible,\n  IFNULL(COALESCE(retweets.message, npwd_twitter_tweets.message), '') AS message,\n  IFNULL(COALESCE(retweets.images, npwd_twitter_tweets.images), '') AS images,\n  npwd_twitter_tweets.retweet IS NOT NULL AS isRetweet,\n  retweets.id AS retweetId,\n  retweets_profiles.profile_name AS retweetProfileName,\n  retweets_profiles.avatar_url AS retweetAvatarUrl,\n  npwd_twitter_likes.id IS NOT NULL AS isLiked,\n  npwd_twitter_reports.id IS NOT NULL AS isReported,\n  npwd_twitter_tweets.createdAt,\n  npwd_twitter_tweets.updatedAt,\n  TIME_TO_SEC(TIMEDIFF( NOW(), npwd_twitter_tweets.createdAt)) AS seconds_since_tweet\n\n        FROM npwd_twitter_tweets\n                 LEFT OUTER JOIN npwd_twitter_profiles\n                                 ON npwd_twitter_tweets.identifier = npwd_twitter_profiles.identifier\n                 LEFT OUTER JOIN npwd_twitter_likes ON npwd_twitter_tweets.id = npwd_twitter_likes.tweet_id AND\n                                                       npwd_twitter_likes.profile_id = ?\n                 LEFT OUTER JOIN npwd_twitter_reports ON npwd_twitter_tweets.id = npwd_twitter_reports.tweet_id AND\n                                                         npwd_twitter_reports.profile_id = ?\n                 LEFT OUTER JOIN npwd_twitter_tweets AS retweets ON retweets.id = npwd_twitter_tweets.retweet\n                 LEFT OUTER JOIN npwd_twitter_profiles AS retweets_profiles\n                                 ON retweets.identifier = retweets_profiles.identifier\n        WHERE npwd_twitter_tweets.visible = 1\n        ORDER BY id DESC\n        LIMIT ? OFFSET ?\n\t\t [1,1,\"25\",\"0\"]) in 46.561ms'","module":"DBInterface","timestamp":"2026-08-05T11:26:07.507Z"}
{"level":"silly","message":"Response Promise Event npwd:fetchTweets:25bb3dc7-6ed8-448a-885c-dc6731acef6d (66.365ms), Data >>","module":"events","timestamp":"2026-08-05T11:26:07.508Z"}
{"level":"silly","message":{"data":[],"status":"ok"},"module":"events","timestamp":"2026-08-05T11:26:07.508Z"}
{"level":"silly","message":"netPromise > npwd:getOrCreateTwitterProfile > RequestObj","module":"events","timestamp":"2026-08-05T11:26:07.567Z"}
{"level":"silly","message":{"data":null,"source":1},"module":"events","timestamp":"2026-08-05T11:26:07.567Z"}
{"level":"silly","message":"netPromise > phone:getMyProfile > RequestObj","module":"events","timestamp":"2026-08-05T11:26:07.568Z"}
{"level":"silly","message":{"data":null,"source":1},"module":"events","timestamp":"2026-08-05T11:26:07.568Z"}
{"level":"silly","message":"netPromise > npwd:fetchMessageGroups > RequestObj","module":"events","timestamp":"2026-08-05T11:26:07.570Z"}
{"level":"silly","message":{"data":null,"source":1},"module":"events","timestamp":"2026-08-05T11:26:07.570Z"}
{"level":"silly","message":"netPromise > npwd-contact-getAll > RequestObj","module":"events","timestamp":"2026-08-05T11:26:07.571Z"}
{"level":"silly","message":{"data":null,"source":1},"module":"events","timestamp":"2026-08-05T11:26:07.571Z"}
{"level":"info","message":"Executed query (\n        SELECT *\n        FROM npwd_twitter_profiles\n        WHERE identifier = ?\n        LIMIT 1\n\t\t [\"PFV2Q821\"]) in 8.8345ms'","module":"DBInterface","timestamp":"2026-08-05T11:26:07.577Z"}
{"level":"silly","message":"Response Promise Event npwd:getOrCreateTwitterProfile:3c8613ad-9d36-45a5-ab6c-a30048f0c2fc (9.5965ms), Data >>","module":"events","timestamp":"2026-08-05T11:26:07.577Z"}
{"level":"silly","message":{"data":{"avatar_url":"https://i.fivemanage.com/images/3ClWwmpwkFhL.png","createdAt":"2026-08-04T16:56:49.000Z","id":1,"identifier":"PFV2Q821","profile_name":"Admin_K","updatedAt":"2026-08-04T16:56:49.000Z"},"status":"ok"},"module":"events","timestamp":"2026-08-05T11:26:07.578Z"}
{"level":"info","message":"Executed query (\n        SELECT *,\n               UNIX_TIMESTAMP(updatedAt) AS lastActive\n        FROM npwd_match_profiles\n        WHERE identifier = ?\n        LIMIT 1\n\t\t [\"PFV2Q821\"]) in 32.9146ms'","module":"DBInterface","timestamp":"2026-08-05T11:26:07.601Z"}
{"level":"silly","message":"Response Promise Event phone:getMyProfile:b8b8da28-83d4-47ce-8791-f49bd90ea882 (34.2631ms), Data >>","module":"events","timestamp":"2026-08-05T11:26:07.602Z"}
{"level":"info","message":"Executed query (SELECT npwd_messages_conversations.id,\n                          npwd_messages_conversations.conversation_list         as conversationList,\n                          npwd_messages_participants.unread_count               as unreadCount,\n                          npwd_messages_conversations.is_group_chat             as isGroupChat,\n                          npwd_messages_conversations.label,\n                          UNIX_TIMESTAMP(npwd_messages_conversations.updatedAt) as updatedAt,\n                          npwd_messages_participants.participant\n                   FROM npwd_messages_conversations\n                            INNER JOIN npwd_messages_participants\n                                       on npwd_messages_conversations.id = npwd_messages_participants.conversation_id\n                   WHERE npwd_messages_participants.participant = ? [\"9185637251\"]) in 33.2779ms'","module":"DBInterface","timestamp":"2026-08-05T11:26:07.603Z"}
{"level":"info","message":"Executed query (SELECT * FROM npwd_phone_contacts WHERE identifier = ? ORDER BY display ASC [\"PFV2Q821\"]) in 44.7755ms'","module":"DBInterface","timestamp":"2026-08-05T11:26:07.616Z"}
{"level":"silly","message":{"data":{"bio":"","createdAt":"2026-08-04T16:56:49.000Z","id":1,"identifier":"PFV2Q821","image":"https://upload.wikimedia.org/wikipedia/commons/a/ac/No_image_available.svg","job":"","lastActive":1785862609,"lastActiveFormatted":"Tue, 04 Aug 2026 16:56:49 GMT","location":"","name":"Admin K","tagList":[],"tags":"","updatedAt":"2026-08-04T16:56:49.000Z","viewed":false,"voiceMessage":null},"status":"ok"},"module":"events","timestamp":"2026-08-05T11:26:07.603Z"}
{"level":"silly","message":"Response Promise Event npwd:fetchMessageGroups:81d44f2f-e44f-481b-a236-960c4c1431b7 (33.8479ms), Data >>","module":"events","timestamp":"2026-08-05T11:26:07.604Z"}
{"level":"silly","message":{"data":[],"status":"ok"},"module":"events","timestamp":"2026-08-05T11:26:07.604Z"}
{"level":"silly","message":"Response Promise Event npwd-contact-getAll:a750af47-672c-40cb-88a1-0d6787da77da (45.3436ms), Data >>","module":"events","timestamp":"2026-08-05T11:26:07.616Z"}
{"level":"silly","message":{"data":[],"status":"ok"},"module":"events","timestamp":"2026-08-05T11:26:07.616Z"}
{"level":"silly","message":"netPromise > npwd:fetchCalls > RequestObj","module":"events","timestamp":"2026-08-05T11:27:36.819Z"}
{"level":"silly","message":{"data":null,"source":1},"module":"events","timestamp":"2026-08-05T11:27:36.820Z"}
{"level":"info","message":"Executed query (SELECT * FROM npwd_calls WHERE receiver = ? OR transmitter = ? ORDER BY id DESC LIMIT ? [\"9185637251\",\"9185637251\",\"50\"]) in 30.8481ms'","module":"DBInterface","timestamp":"2026-08-05T11:27:36.851Z"}
{"level":"silly","message":"Response Promise Event npwd:fetchCalls:0b9cbe05-ab3d-4783-be02-d044415a6b58 (31.7033ms), Data >>","module":"events","timestamp":"2026-08-05T11:27:36.851Z"}
{"level":"silly","message":{"data":[],"status":"ok"},"module":"events","timestamp":"2026-08-05T11:27:36.851Z"}
{"level":"info","message":"Executed query (SELECT id FROM npwd_marketplace_listings WHERE identifier = ? [\"PFV2Q821\"]) in 8.6454ms'","module":"DBInterface","timestamp":"2026-08-05T11:29:50.949Z"}
{"level":"info","message":"Executed query (DELETE FROM npwd_marketplace_listings WHERE identifier = ? AND reported = 0 [\"PFV2Q821\"]) in 7.4101ms'","module":"DBInterface","timestamp":"2026-08-05T11:29:50.957Z"}
{"level":"info","message":"Unloaded NPWD Player, source: (1)","module":"player","timestamp":"2026-08-05T11:29:50.957Z"}
{"level":"debug","message":"Marketplace service started","module":"marketplace","timestamp":"2026-08-05T11:31:19.560Z"}
{"level":"debug","message":"Call service started","module":"calls","timestamp":"2026-08-05T11:31:19.561Z"}
{"level":"debug","message":"Player Service started","module":"player","timestamp":"2026-08-05T11:31:19.561Z"}
{"level":"info","message":"Loading QBX bridge....","timestamp":"2026-08-05T11:31:19.561Z"}
{"level":"info","message":"QBX bridge initialized","timestamp":"2026-08-05T11:31:19.561Z"}
{"level":"debug","message":"Boot service started","module":"boot","timestamp":"2026-08-05T11:31:19.561Z"}
{"level":"debug","message":"Messages service started","module":"messages","timestamp":"2026-08-05T11:31:19.562Z"}
{"level":"debug","message":"Notes service started","module":"notes","timestamp":"2026-08-05T11:31:19.562Z"}
{"level":"debug","message":"Contacts service started","module":"contact","timestamp":"2026-08-05T11:31:19.562Z"}
{"level":"debug","message":"Photo service started","module":"photo","timestamp":"2026-08-05T11:31:19.567Z"}
{"level":"debug","message":"Twitter service started","module":"twitter","timestamp":"2026-08-05T11:31:19.567Z"}
{"level":"debug","message":"Match service started","module":"match","timestamp":"2026-08-05T11:31:19.567Z"}
{"level":"debug","message":"Beginning database schema validation","module":"boot","timestamp":"2026-08-05T11:31:20.074Z"}
{"level":"info","message":"Successfully started","timestamp":"2026-08-05T11:31:20.085Z"}
{"level":"info","message":"Executed query (SELECT COUNT(*) as count\n                       FROM information_schema.tables\n                       WHERE table_schema = ?\n                         AND table_name = ? [\"Qbox_7217A1\",\"players\"]) in 89.0943ms'","module":"DBInterface","timestamp":"2026-08-05T11:31:20.164Z"}
{"level":"info","message":"Executed query (SHOW COLUMNS IN players []) in 52.6692ms'","module":"DBInterface","timestamp":"2026-08-05T11:31:20.217Z"}
{"level":"debug","message":"Database schema successfully validated","module":"boot","timestamp":"2026-08-05T11:31:20.217Z"}
{"level":"debug","message":"Marketplace service started","module":"marketplace","timestamp":"2026-08-05T11:35:34.484Z"}
{"level":"debug","message":"Call service started","module":"calls","timestamp":"2026-08-05T11:35:34.485Z"}
{"level":"debug","message":"Player Service started","module":"player","timestamp":"2026-08-05T11:35:34.485Z"}
{"level":"info","message":"Loading QBX bridge....","timestamp":"2026-08-05T11:35:34.485Z"}
{"level":"info","message":"QBX bridge initialized","timestamp":"2026-08-05T11:35:34.485Z"}
{"level":"debug","message":"Boot service started","module":"boot","timestamp":"2026-08-05T11:35:34.486Z"}
{"level":"debug","message":"Messages service started","module":"messages","timestamp":"2026-08-05T11:35:34.486Z"}
{"level":"debug","message":"Notes service started","module":"notes","timestamp":"2026-08-05T11:35:34.486Z"}
{"level":"debug","message":"Contacts service started","module":"contact","timestamp":"2026-08-05T11:35:34.486Z"}
{"level":"debug","message":"Photo service started","module":"photo","timestamp":"2026-08-05T11:35:34.493Z"}
{"level":"debug","message":"Twitter service started","module":"twitter","timestamp":"2026-08-05T11:35:34.493Z"}
{"level":"debug","message":"Match service started","module":"match","timestamp":"2026-08-05T11:35:34.493Z"}
{"level":"debug","message":"Beginning database schema validation","module":"boot","timestamp":"2026-08-05T11:35:35.045Z"}
{"level":"info","message":"Successfully started","timestamp":"2026-08-05T11:35:35.056Z"}
{"level":"info","message":"Executed query (SELECT COUNT(*) as count\n                       FROM information_schema.tables\n                       WHERE table_schema = ?\n                         AND table_name = ? [\"Qbox_7217A1\",\"players\"]) in 62.3934ms'","module":"DBInterface","timestamp":"2026-08-05T11:35:35.108Z"}
{"level":"info","message":"Executed query (SHOW COLUMNS IN players []) in 12.126ms'","module":"DBInterface","timestamp":"2026-08-05T11:35:35.120Z"}
{"level":"debug","message":"Database schema successfully validated","module":"boot","timestamp":"2026-08-05T11:35:35.120Z"}
{"level":"debug","message":"Marketplace service started","module":"marketplace","timestamp":"2026-08-05T11:37:03.217Z"}
{"level":"debug","message":"Call service started","module":"calls","timestamp":"2026-08-05T11:37:03.218Z"}
{"level":"debug","message":"Player Service started","module":"player","timestamp":"2026-08-05T11:37:03.218Z"}
{"level":"info","message":"Loading QBX bridge....","timestamp":"2026-08-05T11:37:03.218Z"}
{"level":"info","message":"QBX bridge initialized","timestamp":"2026-08-05T11:37:03.218Z"}
{"level":"debug","message":"Boot service started","module":"boot","timestamp":"2026-08-05T11:37:03.219Z"}
{"level":"debug","message":"Messages service started","module":"messages","timestamp":"2026-08-05T11:37:03.219Z"}
{"level":"debug","message":"Notes service started","module":"notes","timestamp":"2026-08-05T11:37:03.219Z"}
{"level":"debug","message":"Contacts service started","module":"contact","timestamp":"2026-08-05T11:37:03.219Z"}
{"level":"debug","message":"Photo service started","module":"photo","timestamp":"2026-08-05T11:37:03.224Z"}
{"level":"debug","message":"Twitter service started","module":"twitter","timestamp":"2026-08-05T11:37:03.224Z"}
{"level":"debug","message":"Match service started","module":"match","timestamp":"2026-08-05T11:37:03.224Z"}
{"level":"debug","message":"Beginning database schema validation","module":"boot","timestamp":"2026-08-05T11:37:03.734Z"}
{"level":"info","message":"Successfully started","timestamp":"2026-08-05T11:37:03.745Z"}
{"level":"info","message":"Executed query (SELECT COUNT(*) as count\n                       FROM information_schema.tables\n                       WHERE table_schema = ?\n                         AND table_name = ? [\"Qbox_7217A1\",\"players\"]) in 102.8211ms'","module":"DBInterface","timestamp":"2026-08-05T11:37:03.838Z"}
{"level":"info","message":"Executed query (SHOW COLUMNS IN players []) in 38.7751ms'","module":"DBInterface","timestamp":"2026-08-05T11:37:03.877Z"}
{"level":"debug","message":"Database schema successfully validated","module":"boot","timestamp":"2026-08-05T11:37:03.877Z"}
{"level":"debug","message":"Marketplace service started","module":"marketplace","timestamp":"2026-08-05T11:41:47.007Z"}
{"level":"debug","message":"Call service started","module":"calls","timestamp":"2026-08-05T11:41:47.009Z"}
{"level":"debug","message":"Player Service started","module":"player","timestamp":"2026-08-05T11:41:47.009Z"}
{"level":"info","message":"Loading QBX bridge....","timestamp":"2026-08-05T11:41:47.009Z"}
{"level":"info","message":"QBX bridge initialized","timestamp":"2026-08-05T11:41:47.009Z"}
{"level":"debug","message":"Boot service started","module":"boot","timestamp":"2026-08-05T11:41:47.010Z"}
{"level":"debug","message":"Messages service started","module":"messages","timestamp":"2026-08-05T11:41:47.010Z"}
{"level":"debug","message":"Notes service started","module":"notes","timestamp":"2026-08-05T11:41:47.010Z"}
{"level":"debug","message":"Contacts service started","module":"contact","timestamp":"2026-08-05T11:41:47.010Z"}
{"level":"debug","message":"Photo service started","module":"photo","timestamp":"2026-08-05T11:41:47.016Z"}
{"level":"debug","message":"Twitter service started","module":"twitter","timestamp":"2026-08-05T11:41:47.016Z"}
{"level":"debug","message":"Match service started","module":"match","timestamp":"2026-08-05T11:41:47.017Z"}
{"level":"debug","message":"Beginning database schema validation","module":"boot","timestamp":"2026-08-05T11:41:47.515Z"}
{"level":"info","message":"Successfully started","timestamp":"2026-08-05T11:41:47.526Z"}
{"level":"info","message":"Executed query (SELECT COUNT(*) as count\n                       FROM information_schema.tables\n                       WHERE table_schema = ?\n                         AND table_name = ? [\"Qbox_7217A1\",\"players\"]) in 56.7519ms'","module":"DBInterface","timestamp":"2026-08-05T11:41:47.573Z"}
{"level":"info","message":"Executed query (SHOW COLUMNS IN players []) in 20.1472ms'","module":"DBInterface","timestamp":"2026-08-05T11:41:47.593Z"}
{"level":"debug","message":"Database schema successfully validated","module":"boot","timestamp":"2026-08-05T11:41:47.593Z"}
{"level":"debug","message":"Marketplace service started","module":"marketplace","timestamp":"2026-08-05T14:03:52.148Z"}
{"level":"debug","message":"Call service started","module":"calls","timestamp":"2026-08-05T14:03:52.150Z"}
{"level":"debug","message":"Player Service started","module":"player","timestamp":"2026-08-05T14:03:52.150Z"}
{"level":"info","message":"Loading QBX bridge....","timestamp":"2026-08-05T14:03:52.150Z"}
{"level":"info","message":"QBX bridge initialized","timestamp":"2026-08-05T14:03:52.151Z"}
{"level":"debug","message":"Boot service started","module":"boot","timestamp":"2026-08-05T14:03:52.151Z"}
{"level":"debug","message":"Messages service started","module":"messages","timestamp":"2026-08-05T14:03:52.152Z"}
{"level":"debug","message":"Notes service started","module":"notes","timestamp":"2026-08-05T14:03:52.152Z"}
{"level":"debug","message":"Contacts service started","module":"contact","timestamp":"2026-08-05T14:03:52.152Z"}
{"level":"debug","message":"Photo service started","module":"photo","timestamp":"2026-08-05T14:03:52.166Z"}
{"level":"debug","message":"Twitter service started","module":"twitter","timestamp":"2026-08-05T14:03:52.166Z"}
{"level":"debug","message":"Match service started","module":"match","timestamp":"2026-08-05T14:03:52.166Z"}
{"level":"debug","message":"Beginning database schema validation","module":"boot","timestamp":"2026-08-05T14:03:53.129Z"}
{"level":"info","message":"Successfully started","timestamp":"2026-08-05T14:03:53.148Z"}
{"level":"info","message":"Executed query (SELECT COUNT(*) as count\n                       FROM information_schema.tables\n                       WHERE table_schema = ?\n                         AND table_name = ? [\"Qbox_7217A1\",\"players\"]) in 136.3707ms'","module":"DBInterface","timestamp":"2026-08-05T14:03:53.267Z"}
{"level":"info","message":"Executed query (SHOW COLUMNS IN players []) in 37.5117ms'","module":"DBInterface","timestamp":"2026-08-05T14:03:53.305Z"}
{"level":"debug","message":"Database schema successfully validated","module":"boot","timestamp":"2026-08-05T14:03:53.305Z"}
{"level":"info","message":"New NPWD Player added through event (1) (PFV2Q821)","module":"player","timestamp":"2026-08-05T14:07:12.945Z"}
{"level":"debug","message":{"_firstname":"Admin","_identifier":"PFV2Q821","_lastname":"K","_phoneNumber":"9185637251","source":1,"username":"QuickOtter4576"},"module":"player","timestamp":"2026-08-05T14:07:12.945Z"}
{"level":"info","message":"New NPWD Player added through event (1) (PFV2Q821)","module":"player","timestamp":"2026-08-05T14:07:12.949Z"}
{"level":"debug","message":{"_firstname":"Admin","_identifier":"PFV2Q821","_lastname":"K","_phoneNumber":"9185637251","source":1,"username":"QuickOtter4576"},"module":"player","timestamp":"2026-08-05T14:07:12.950Z"}
{"level":"silly","message":"netPromise > npwd:fetchTweets > RequestObj","module":"events","timestamp":"2026-08-05T14:07:13.001Z"}
{"level":"silly","message":{"data":{"pageId":0},"source":1},"module":"events","timestamp":"2026-08-05T14:07:13.002Z"}
{"level":"info","message":"Executed query (\n        SELECT *\n        FROM npwd_twitter_profiles\n        WHERE identifier = ?\n        LIMIT 1\n\t\t [\"PFV2Q821\"]) in 15.9036ms'","module":"DBInterface","timestamp":"2026-08-05T14:07:13.018Z"}
{"level":"info","message":"Executed query (\n        SELECT \n  npwd_twitter_tweets.id,\n  npwd_twitter_tweets.identifier,\n  npwd_twitter_profiles.id AS profile_id,\n  npwd_twitter_profiles.profile_name,\n  npwd_twitter_profiles.avatar_url,\n  npwd_twitter_tweets.likes,\n  npwd_twitter_tweets.visible,\n  IFNULL(COALESCE(retweets.message, npwd_twitter_tweets.message), '') AS message,\n  IFNULL(COALESCE(retweets.images, npwd_twitter_tweets.images), '') AS images,\n  npwd_twitter_tweets.retweet IS NOT NULL AS isRetweet,\n  retweets.id AS retweetId,\n  retweets_profiles.profile_name AS retweetProfileName,\n  retweets_profiles.avatar_url AS retweetAvatarUrl,\n  npwd_twitter_likes.id IS NOT NULL AS isLiked,\n  npwd_twitter_reports.id IS NOT NULL AS isReported,\n  npwd_twitter_tweets.createdAt,\n  npwd_twitter_tweets.updatedAt,\n  TIME_TO_SEC(TIMEDIFF( NOW(), npwd_twitter_tweets.createdAt)) AS seconds_since_tweet\n\n        FROM npwd_twitter_tweets\n                 LEFT OUTER JOIN npwd_twitter_profiles\n                                 ON npwd_twitter_tweets.identifier = npwd_twitter_profiles.identifier\n                 LEFT OUTER JOIN npwd_twitter_likes ON npwd_twitter_tweets.id = npwd_twitter_likes.tweet_id AND\n                                                       npwd_twitter_likes.profile_id = ?\n                 LEFT OUTER JOIN npwd_twitter_reports ON npwd_twitter_tweets.id = npwd_twitter_reports.tweet_id AND\n                                                         npwd_twitter_reports.profile_id = ?\n                 LEFT OUTER JOIN npwd_twitter_tweets AS retweets ON retweets.id = npwd_twitter_tweets.retweet\n                 LEFT OUTER JOIN npwd_twitter_profiles AS retweets_profiles\n                                 ON retweets.identifier = retweets_profiles.identifier\n        WHERE npwd_twitter_tweets.visible = 1\n        ORDER BY id DESC\n        LIMIT ? OFFSET ?\n\t\t [1,1,\"25\",\"0\"]) in 29.653ms'","module":"DBInterface","timestamp":"2026-08-05T14:07:13.048Z"}
{"level":"silly","message":"Response Promise Event npwd:fetchTweets:2215f15e-e507-4893-a458-3523b463188e (47.4922ms), Data >>","module":"events","timestamp":"2026-08-05T14:07:13.049Z"}
{"level":"silly","message":{"data":[],"status":"ok"},"module":"events","timestamp":"2026-08-05T14:07:13.049Z"}
{"level":"silly","message":"netPromise > npwd:getOrCreateTwitterProfile > RequestObj","module":"events","timestamp":"2026-08-05T14:07:13.110Z"}
{"level":"silly","message":{"data":null,"source":1},"module":"events","timestamp":"2026-08-05T14:07:13.111Z"}
{"level":"silly","message":"netPromise > phone:getMyProfile > RequestObj","module":"events","timestamp":"2026-08-05T14:07:13.111Z"}
{"level":"silly","message":{"data":null,"source":1},"module":"events","timestamp":"2026-08-05T14:07:13.111Z"}
{"level":"silly","message":"netPromise > npwd:fetchMessageGroups > RequestObj","module":"events","timestamp":"2026-08-05T14:07:13.113Z"}
{"level":"silly","message":{"data":null,"source":1},"module":"events","timestamp":"2026-08-05T14:07:13.113Z"}
{"level":"silly","message":"netPromise > npwd-contact-getAll > RequestObj","module":"events","timestamp":"2026-08-05T14:07:13.114Z"}
{"level":"silly","message":{"data":null,"source":1},"module":"events","timestamp":"2026-08-05T14:07:13.115Z"}
{"level":"info","message":"Executed query (\n        SELECT *\n        FROM npwd_twitter_profiles\n        WHERE identifier = ?\n        LIMIT 1\n\t\t [\"PFV2Q821\"]) in 9.911ms'","module":"DBInterface","timestamp":"2026-08-05T14:07:13.121Z"}
{"level":"silly","message":"Response Promise Event npwd:getOrCreateTwitterProfile:22d2590c-91b7-4af6-91bd-7590a74d783a (11.0496ms), Data >>","module":"events","timestamp":"2026-08-05T14:07:13.122Z"}
{"level":"silly","message":{"data":{"avatar_url":"https://i.fivemanage.com/images/3ClWwmpwkFhL.png","createdAt":"2026-08-04T16:56:49.000Z","id":1,"identifier":"PFV2Q821","profile_name":"Admin_K","updatedAt":"2026-08-04T16:56:49.000Z"},"status":"ok"},"module":"events","timestamp":"2026-08-05T14:07:13.122Z"}
{"level":"info","message":"Executed query (\n        SELECT *,\n               UNIX_TIMESTAMP(updatedAt) AS lastActive\n        FROM npwd_match_profiles\n        WHERE identifier = ?\n        LIMIT 1\n\t\t [\"PFV2Q821\"]) in 45.0707ms'","module":"DBInterface","timestamp":"2026-08-05T14:07:13.157Z"}
{"level":"silly","message":"Response Promise Event phone:getMyProfile:a6a653f7-cbab-4c76-ab2d-2eb7a35ce5c4 (46.4581ms), Data >>","module":"events","timestamp":"2026-08-05T14:07:13.158Z"}
{"level":"info","message":"Executed query (SELECT npwd_messages_conversations.id,\n                          npwd_messages_conversations.conversation_list         as conversationList,\n                          npwd_messages_participants.unread_count               as unreadCount,\n                          npwd_messages_conversations.is_group_chat             as isGroupChat,\n                          npwd_messages_conversations.label,\n                          UNIX_TIMESTAMP(npwd_messages_conversations.updatedAt) as updatedAt,\n                          npwd_messages_participants.participant\n                   FROM npwd_messages_conversations\n                            INNER JOIN npwd_messages_participants\n                                       on npwd_messages_conversations.id = npwd_messages_participants.conversation_id\n                   WHERE npwd_messages_participants.participant = ? [\"9185637251\"]) in 45.0054ms'","module":"DBInterface","timestamp":"2026-08-05T14:07:13.159Z"}
{"level":"info","message":"Executed query (SELECT * FROM npwd_phone_contacts WHERE identifier = ? ORDER BY display ASC [\"PFV2Q821\"]) in 45.1818ms'","module":"DBInterface","timestamp":"2026-08-05T14:07:13.160Z"}
{"level":"silly","message":{"data":{"bio":"","createdAt":"2026-08-04T16:56:49.000Z","id":1,"identifier":"PFV2Q821","image":"https://upload.wikimedia.org/wikipedia/commons/a/ac/No_image_available.svg","job":"","lastActive":1785862609,"lastActiveFormatted":"Tue, 04 Aug 2026 16:56:49 GMT","location":"","name":"Admin K","tagList":[],"tags":"","updatedAt":"2026-08-04T16:56:49.000Z","viewed":false,"voiceMessage":null},"status":"ok"},"module":"events","timestamp":"2026-08-05T14:07:13.158Z"}
{"level":"silly","message":"Response Promise Event npwd:fetchMessageGroups:abc300ce-7c6e-44e7-91bc-4d8b62414690 (45.7414ms), Data >>","module":"events","timestamp":"2026-08-05T14:07:13.159Z"}
{"level":"silly","message":{"data":[],"status":"ok"},"module":"events","timestamp":"2026-08-05T14:07:13.159Z"}
{"level":"silly","message":"Response Promise Event npwd-contact-getAll:960e2a37-7d9c-4af1-b1f2-f1727ed6375c (45.7349ms), Data >>","module":"events","timestamp":"2026-08-05T14:07:13.160Z"}
{"level":"silly","message":{"data":[],"status":"ok"},"module":"events","timestamp":"2026-08-05T14:07:13.160Z"}
{"level":"info","message":"Executed query (SELECT id FROM npwd_marketplace_listings WHERE identifier = ? [\"PFV2Q821\"]) in 14.8056ms'","module":"DBInterface","timestamp":"2026-08-05T14:07:57.728Z"}
{"level":"info","message":"Executed query (DELETE FROM npwd_marketplace_listings WHERE identifier = ? AND reported = 0 [\"PFV2Q821\"]) in 22.17ms'","module":"DBInterface","timestamp":"2026-08-05T14:07:57.750Z"}
{"level":"info","message":"Unloaded NPWD Player, source: (1)","module":"player","timestamp":"2026-08-05T14:07:57.750Z"}
{"level":"debug","message":"Marketplace service started","module":"marketplace","timestamp":"2026-08-05T16:38:36.388Z"}
{"level":"debug","message":"Call service started","module":"calls","timestamp":"2026-08-05T16:38:36.389Z"}
{"level":"debug","message":"Player Service started","module":"player","timestamp":"2026-08-05T16:38:36.389Z"}
{"level":"info","message":"Loading QBX bridge....","timestamp":"2026-08-05T16:38:36.390Z"}
{"level":"info","message":"QBX bridge initialized","timestamp":"2026-08-05T16:38:36.390Z"}
{"level":"debug","message":"Boot service started","module":"boot","timestamp":"2026-08-05T16:38:36.390Z"}
{"level":"debug","message":"Messages service started","module":"messages","timestamp":"2026-08-05T16:38:36.390Z"}
{"level":"debug","message":"Notes service started","module":"notes","timestamp":"2026-08-05T16:38:36.390Z"}
{"level":"debug","message":"Contacts service started","module":"contact","timestamp":"2026-08-05T16:38:36.391Z"}
{"level":"debug","message":"Photo service started","module":"photo","timestamp":"2026-08-05T16:38:36.397Z"}
{"level":"debug","message":"Twitter service started","module":"twitter","timestamp":"2026-08-05T16:38:36.397Z"}
{"level":"debug","message":"Match service started","module":"match","timestamp":"2026-08-05T16:38:36.398Z"}
{"level":"debug","message":"Beginning database schema validation","module":"boot","timestamp":"2026-08-05T16:38:36.965Z"}
{"level":"info","message":"Successfully started","timestamp":"2026-08-05T16:38:36.976Z"}
{"level":"info","message":"Executed query (SELECT COUNT(*) as count\n                       FROM information_schema.tables\n                       WHERE table_schema = ?\n                         AND table_name = ? [\"Qbox_7217A1\",\"players\"]) in 65.864ms'","module":"DBInterface","timestamp":"2026-08-05T16:38:37.031Z"}
{"level":"info","message":"Executed query (SHOW COLUMNS IN players []) in 19.4271ms'","module":"DBInterface","timestamp":"2026-08-05T16:38:37.051Z"}
{"level":"debug","message":"Database schema successfully validated","module":"boot","timestamp":"2026-08-05T16:38:37.051Z"}
{"level":"info","message":"New NPWD Player added through event (1) (PFV2Q821)","module":"player","timestamp":"2026-08-05T16:39:59.944Z"}
{"level":"debug","message":{"_firstname":"Admin","_identifier":"PFV2Q821","_lastname":"K","_phoneNumber":"9185637251","source":1,"username":"QuickOtter4576"},"module":"player","timestamp":"2026-08-05T16:39:59.944Z"}
{"level":"info","message":"New NPWD Player added through event (1) (PFV2Q821)","module":"player","timestamp":"2026-08-05T16:39:59.949Z"}
{"level":"debug","message":{"_firstname":"Admin","_identifier":"PFV2Q821","_lastname":"K","_phoneNumber":"9185637251","source":1,"username":"QuickOtter4576"},"module":"player","timestamp":"2026-08-05T16:39:59.949Z"}
{"level":"silly","message":"netPromise > npwd:fetchTweets > RequestObj","module":"events","timestamp":"2026-08-05T16:40:00.054Z"}
{"level":"silly","message":{"data":{"pageId":0},"source":1},"module":"events","timestamp":"2026-08-05T16:40:00.054Z"}
{"level":"info","message":"Executed query (\n        SELECT *\n        FROM npwd_twitter_profiles\n        WHERE identifier = ?\n        LIMIT 1\n\t\t [\"PFV2Q821\"]) in 8.994ms'","module":"DBInterface","timestamp":"2026-08-05T16:40:00.064Z"}
{"level":"info","message":"Executed query (\n        SELECT \n  npwd_twitter_tweets.id,\n  npwd_twitter_tweets.identifier,\n  npwd_twitter_profiles.id AS profile_id,\n  npwd_twitter_profiles.profile_name,\n  npwd_twitter_profiles.avatar_url,\n  npwd_twitter_tweets.likes,\n  npwd_twitter_tweets.visible,\n  IFNULL(COALESCE(retweets.message, npwd_twitter_tweets.message), '') AS message,\n  IFNULL(COALESCE(retweets.images, npwd_twitter_tweets.images), '') AS images,\n  npwd_twitter_tweets.retweet IS NOT NULL AS isRetweet,\n  retweets.id AS retweetId,\n  retweets_profiles.profile_name AS retweetProfileName,\n  retweets_profiles.avatar_url AS retweetAvatarUrl,\n  npwd_twitter_likes.id IS NOT NULL AS isLiked,\n  npwd_twitter_reports.id IS NOT NULL AS isReported,\n  npwd_twitter_tweets.createdAt,\n  npwd_twitter_tweets.updatedAt,\n  TIME_TO_SEC(TIMEDIFF( NOW(), npwd_twitter_tweets.createdAt)) AS seconds_since_tweet\n\n        FROM npwd_twitter_tweets\n                 LEFT OUTER JOIN npwd_twitter_profiles\n                                 ON npwd_twitter_tweets.identifier = npwd_twitter_profiles.identifier\n                 LEFT OUTER JOIN npwd_twitter_likes ON npwd_twitter_tweets.id = npwd_twitter_likes.tweet_id AND\n                                                       npwd_twitter_likes.profile_id = ?\n                 LEFT OUTER JOIN npwd_twitter_reports ON npwd_twitter_tweets.id = npwd_twitter_reports.tweet_id AND\n                                                         npwd_twitter_reports.profile_id = ?\n                 LEFT OUTER JOIN npwd_twitter_tweets AS retweets ON retweets.id = npwd_twitter_tweets.retweet\n                 LEFT OUTER JOIN npwd_twitter_profiles AS retweets_profiles\n                                 ON retweets.identifier = retweets_profiles.identifier\n        WHERE npwd_twitter_tweets.visible = 1\n        ORDER BY id DESC\n        LIMIT ? OFFSET ?\n\t\t [1,1,\"25\",\"0\"]) in 34.5122ms'","module":"DBInterface","timestamp":"2026-08-05T16:40:00.099Z"}
{"level":"silly","message":"Response Promise Event npwd:fetchTweets:1136f0f3-7c93-4ab2-b4b6-b87f430ddc82 (45.3306ms), Data >>","module":"events","timestamp":"2026-08-05T16:40:00.099Z"}
{"level":"silly","message":{"data":[],"status":"ok"},"module":"events","timestamp":"2026-08-05T16:40:00.100Z"}
{"level":"silly","message":"netPromise > npwd:getOrCreateTwitterProfile > RequestObj","module":"events","timestamp":"2026-08-05T16:40:00.157Z"}
{"level":"silly","message":{"data":null,"source":1},"module":"events","timestamp":"2026-08-05T16:40:00.157Z"}
{"level":"silly","message":"netPromise > phone:getMyProfile > RequestObj","module":"events","timestamp":"2026-08-05T16:40:00.158Z"}
{"level":"silly","message":{"data":null,"source":1},"module":"events","timestamp":"2026-08-05T16:40:00.158Z"}
{"level":"silly","message":"netPromise > npwd:fetchMessageGroups > RequestObj","module":"events","timestamp":"2026-08-05T16:40:00.160Z"}
{"level":"silly","message":{"data":null,"source":1},"module":"events","timestamp":"2026-08-05T16:40:00.160Z"}
{"level":"silly","message":"netPromise > npwd-contact-getAll > RequestObj","module":"events","timestamp":"2026-08-05T16:40:00.162Z"}
{"level":"silly","message":{"data":null,"source":1},"module":"events","timestamp":"2026-08-05T16:40:00.162Z"}
{"level":"info","message":"Executed query (\n        SELECT *\n        FROM npwd_twitter_profiles\n        WHERE identifier = ?\n        LIMIT 1\n\t\t [\"PFV2Q821\"]) in 9.9798ms'","module":"DBInterface","timestamp":"2026-08-05T16:40:00.168Z"}
{"level":"silly","message":"Response Promise Event npwd:getOrCreateTwitterProfile:6bb93153-f15a-4bee-a58a-452671057553 (10.8434ms), Data >>","module":"events","timestamp":"2026-08-05T16:40:00.168Z"}
{"level":"silly","message":{"data":{"avatar_url":"https://i.fivemanage.com/images/3ClWwmpwkFhL.png","createdAt":"2026-08-04T16:56:49.000Z","id":1,"identifier":"PFV2Q821","profile_name":"Admin_K","updatedAt":"2026-08-04T16:56:49.000Z"},"status":"ok"},"module":"events","timestamp":"2026-08-05T16:40:00.168Z"}
{"level":"info","message":"Executed query (\n        SELECT *,\n               UNIX_TIMESTAMP(updatedAt) AS lastActive\n        FROM npwd_match_profiles\n        WHERE identifier = ?\n        LIMIT 1\n\t\t [\"PFV2Q821\"]) in 60.6033ms'","module":"DBInterface","timestamp":"2026-08-05T16:40:00.219Z"}
{"level":"silly","message":"Response Promise Event phone:getMyProfile:419f9b5a-d5cf-4122-b897-5993454159f4 (62.0081ms), Data >>","module":"events","timestamp":"2026-08-05T16:40:00.220Z"}
{"level":"info","message":"Executed query (SELECT npwd_messages_conversations.id,\n                          npwd_messages_conversations.conversation_list         as conversationList,\n                          npwd_messages_participants.unread_count               as unreadCount,\n                          npwd_messages_conversations.is_group_chat             as isGroupChat,\n                          npwd_messages_conversations.label,\n                          UNIX_TIMESTAMP(npwd_messages_conversations.updatedAt) as updatedAt,\n                          npwd_messages_participants.participant\n                   FROM npwd_messages_conversations\n                            INNER JOIN npwd_messages_participants\n                                       on npwd_messages_conversations.id = npwd_messages_participants.conversation_id\n                   WHERE npwd_messages_participants.participant = ? [\"9185637251\"]) in 60.31ms'","module":"DBInterface","timestamp":"2026-08-05T16:40:00.221Z"}
{"level":"info","message":"Executed query (SELECT * FROM npwd_phone_contacts WHERE identifier = ? ORDER BY display ASC [\"PFV2Q821\"]) in 59.4534ms'","module":"DBInterface","timestamp":"2026-08-05T16:40:00.222Z"}
{"level":"silly","message":{"data":{"bio":"","createdAt":"2026-08-04T16:56:49.000Z","id":1,"identifier":"PFV2Q821","image":"https://upload.wikimedia.org/wikipedia/commons/a/ac/No_image_available.svg","job":"","lastActive":1785862609,"lastActiveFormatted":"Tue, 04 Aug 2026 16:56:49 GMT","location":"","name":"Admin K","tagList":[],"tags":"","updatedAt":"2026-08-04T16:56:49.000Z","viewed":false,"voiceMessage":null},"status":"ok"},"module":"events","timestamp":"2026-08-05T16:40:00.220Z"}
{"level":"silly","message":"Response Promise Event npwd:fetchMessageGroups:e7019456-ced3-4321-9509-797045bde79e (60.9724ms), Data >>","module":"events","timestamp":"2026-08-05T16:40:00.221Z"}
{"level":"silly","message":{"data":[],"status":"ok"},"module":"events","timestamp":"2026-08-05T16:40:00.221Z"}
{"level":"silly","message":"Response Promise Event npwd-contact-getAll:ff00fa18-991f-4898-b45c-4081e14fb410 (60.1229ms), Data >>","module":"events","timestamp":"2026-08-05T16:40:00.222Z"}
{"level":"silly","message":{"data":[],"status":"ok"},"module":"events","timestamp":"2026-08-05T16:40:00.222Z"}
{"level":"info","message":"Executed query (SELECT id FROM npwd_marketplace_listings WHERE identifier = ? [\"PFV2Q821\"]) in 15.8658ms'","module":"DBInterface","timestamp":"2026-08-05T16:41:56.627Z"}
{"level":"info","message":"Executed query (DELETE FROM npwd_marketplace_listings WHERE identifier = ? AND reported = 0 [\"PFV2Q821\"]) in 36.6069ms'","module":"DBInterface","timestamp":"2026-08-05T16:41:56.664Z"}
{"level":"info","message":"Unloaded NPWD Player, source: (1)","module":"player","timestamp":"2026-08-05T16:41:56.665Z"}
{"level":"debug","message":"Marketplace service started","module":"marketplace","timestamp":"2026-08-05T16:45:54.980Z"}
{"level":"debug","message":"Call service started","module":"calls","timestamp":"2026-08-05T16:45:54.981Z"}
{"level":"debug","message":"Player Service started","module":"player","timestamp":"2026-08-05T16:45:54.982Z"}
{"level":"info","message":"Loading QBX bridge....","timestamp":"2026-08-05T16:45:54.982Z"}
{"level":"info","message":"QBX bridge initialized","timestamp":"2026-08-05T16:45:54.982Z"}
{"level":"debug","message":"Boot service started","module":"boot","timestamp":"2026-08-05T16:45:54.982Z"}
{"level":"debug","message":"Messages service started","module":"messages","timestamp":"2026-08-05T16:45:54.982Z"}
{"level":"debug","message":"Notes service started","module":"notes","timestamp":"2026-08-05T16:45:54.982Z"}
{"level":"debug","message":"Contacts service started","module":"contact","timestamp":"2026-08-05T16:45:54.982Z"}
{"level":"debug","message":"Photo service started","module":"photo","timestamp":"2026-08-05T16:45:54.988Z"}
{"level":"debug","message":"Twitter service started","module":"twitter","timestamp":"2026-08-05T16:45:54.988Z"}
{"level":"debug","message":"Match service started","module":"match","timestamp":"2026-08-05T16:45:54.988Z"}
{"level":"debug","message":"Beginning database schema validation","module":"boot","timestamp":"2026-08-05T16:45:55.514Z"}
{"level":"info","message":"Successfully started","timestamp":"2026-08-05T16:45:55.525Z"}
{"level":"info","message":"Executed query (SELECT COUNT(*) as count\n                       FROM information_schema.tables\n                       WHERE table_schema = ?\n                         AND table_name = ? [\"Qbox_7217A1\",\"players\"]) in 56.842ms'","module":"DBInterface","timestamp":"2026-08-05T16:45:55.571Z"}
{"level":"info","message":"Executed query (SHOW COLUMNS IN players []) in 15.3439ms'","module":"DBInterface","timestamp":"2026-08-05T16:45:55.587Z"}
{"level":"debug","message":"Database schema successfully validated","module":"boot","timestamp":"2026-08-05T16:45:55.587Z"}
{"level":"info","message":"New NPWD Player added through event (1) (PFV2Q821)","module":"player","timestamp":"2026-08-05T16:46:54.267Z"}
{"level":"debug","message":{"_firstname":"Admin","_identifier":"PFV2Q821","_lastname":"K","_phoneNumber":"9185637251","source":1,"username":"QuickOtter4576"},"module":"player","timestamp":"2026-08-05T16:46:54.267Z"}
{"level":"info","message":"New NPWD Player added through event (1) (PFV2Q821)","module":"player","timestamp":"2026-08-05T16:46:54.272Z"}
{"level":"debug","message":{"_firstname":"Admin","_identifier":"PFV2Q821","_lastname":"K","_phoneNumber":"9185637251","source":1,"username":"QuickOtter4576"},"module":"player","timestamp":"2026-08-05T16:46:54.272Z"}
{"level":"silly","message":"netPromise > npwd:fetchTweets > RequestObj","module":"events","timestamp":"2026-08-05T16:46:54.385Z"}
{"level":"silly","message":{"data":{"pageId":0},"source":1},"module":"events","timestamp":"2026-08-05T16:46:54.386Z"}
{"level":"info","message":"Executed query (\n        SELECT *\n        FROM npwd_twitter_profiles\n        WHERE identifier = ?\n        LIMIT 1\n\t\t [\"PFV2Q821\"]) in 15.1884ms'","module":"DBInterface","timestamp":"2026-08-05T16:46:54.401Z"}
{"level":"info","message":"Executed query (\n        SELECT \n  npwd_twitter_tweets.id,\n  npwd_twitter_tweets.identifier,\n  npwd_twitter_profiles.id AS profile_id,\n  npwd_twitter_profiles.profile_name,\n  npwd_twitter_profiles.avatar_url,\n  npwd_twitter_tweets.likes,\n  npwd_twitter_tweets.visible,\n  IFNULL(COALESCE(retweets.message, npwd_twitter_tweets.message), '') AS message,\n  IFNULL(COALESCE(retweets.images, npwd_twitter_tweets.images), '') AS images,\n  npwd_twitter_tweets.retweet IS NOT NULL AS isRetweet,\n  retweets.id AS retweetId,\n  retweets_profiles.profile_name AS retweetProfileName,\n  retweets_profiles.avatar_url AS retweetAvatarUrl,\n  npwd_twitter_likes.id IS NOT NULL AS isLiked,\n  npwd_twitter_reports.id IS NOT NULL AS isReported,\n  npwd_twitter_tweets.createdAt,\n  npwd_twitter_tweets.updatedAt,\n  TIME_TO_SEC(TIMEDIFF( NOW(), npwd_twitter_tweets.createdAt)) AS seconds_since_tweet\n\n        FROM npwd_twitter_tweets\n                 LEFT OUTER JOIN npwd_twitter_profiles\n                                 ON npwd_twitter_tweets.identifier = npwd_twitter_profiles.identifier\n                 LEFT OUTER JOIN npwd_twitter_likes ON npwd_twitter_tweets.id = npwd_twitter_likes.tweet_id AND\n                                                       npwd_twitter_likes.profile_id = ?\n                 LEFT OUTER JOIN npwd_twitter_reports ON npwd_twitter_tweets.id = npwd_twitter_reports.tweet_id AND\n                                                         npwd_twitter_reports.profile_id = ?\n                 LEFT OUTER JOIN npwd_twitter_tweets AS retweets ON retweets.id = npwd_twitter_tweets.retweet\n                 LEFT OUTER JOIN npwd_twitter_profiles AS retweets_profiles\n                                 ON retweets.identifier = retweets_profiles.identifier\n        WHERE npwd_twitter_tweets.visible = 1\n        ORDER BY id DESC\n        LIMIT ? OFFSET ?\n\t\t [1,1,\"25\",\"0\"]) in 31.1227ms'","module":"DBInterface","timestamp":"2026-08-05T16:46:54.433Z"}
{"level":"silly","message":"Response Promise Event npwd:fetchTweets:843f17ba-9d1e-422b-b2bc-46101f80c458 (48.3273ms), Data >>","module":"events","timestamp":"2026-08-05T16:46:54.433Z"}
{"level":"silly","message":{"data":[],"status":"ok"},"module":"events","timestamp":"2026-08-05T16:46:54.434Z"}
{"level":"silly","message":"netPromise > npwd:getOrCreateTwitterProfile > RequestObj","module":"events","timestamp":"2026-08-05T16:46:54.493Z"}
{"level":"silly","message":{"data":null,"source":1},"module":"events","timestamp":"2026-08-05T16:46:54.494Z"}
{"level":"silly","message":"netPromise > phone:getMyProfile > RequestObj","module":"events","timestamp":"2026-08-05T16:46:54.494Z"}
{"level":"silly","message":{"data":null,"source":1},"module":"events","timestamp":"2026-08-05T16:46:54.494Z"}
{"level":"silly","message":"netPromise > npwd:fetchMessageGroups > RequestObj","module":"events","timestamp":"2026-08-05T16:46:54.496Z"}
{"level":"silly","message":{"data":null,"source":1},"module":"events","timestamp":"2026-08-05T16:46:54.496Z"}
{"level":"silly","message":"netPromise > npwd-contact-getAll > RequestObj","module":"events","timestamp":"2026-08-05T16:46:54.498Z"}
{"level":"silly","message":{"data":null,"source":1},"module":"events","timestamp":"2026-08-05T16:46:54.498Z"}
{"level":"info","message":"Executed query (\n        SELECT *\n        FROM npwd_twitter_profiles\n        WHERE identifier = ?\n        LIMIT 1\n\t\t [\"PFV2Q821\"]) in 8.8163ms'","module":"DBInterface","timestamp":"2026-08-05T16:46:54.503Z"}
{"level":"silly","message":"Response Promise Event npwd:getOrCreateTwitterProfile:901caff4-f1d7-44ec-bc35-e840c44720b3 (9.7686ms), Data >>","module":"events","timestamp":"2026-08-05T16:46:54.503Z"}
{"level":"silly","message":{"data":{"avatar_url":"https://i.fivemanage.com/images/3ClWwmpwkFhL.png","createdAt":"2026-08-04T16:56:49.000Z","id":1,"identifier":"PFV2Q821","profile_name":"Admin_K","updatedAt":"2026-08-04T16:56:49.000Z"},"status":"ok"},"module":"events","timestamp":"2026-08-05T16:46:54.504Z"}
{"level":"info","message":"Executed query (\n        SELECT *,\n               UNIX_TIMESTAMP(updatedAt) AS lastActive\n        FROM npwd_match_profiles\n        WHERE identifier = ?\n        LIMIT 1\n\t\t [\"PFV2Q821\"]) in 34.2978ms'","module":"DBInterface","timestamp":"2026-08-05T16:46:54.529Z"}
{"level":"silly","message":"Response Promise Event phone:getMyProfile:37b6bf61-ae06-4496-9b71-cd0ca2340cf2 (36.5924ms), Data >>","module":"events","timestamp":"2026-08-05T16:46:54.531Z"}
{"level":"info","message":"Executed query (SELECT npwd_messages_conversations.id,\n                          npwd_messages_conversations.conversation_list         as conversationList,\n                          npwd_messages_participants.unread_count               as unreadCount,\n                          npwd_messages_conversations.is_group_chat             as isGroupChat,\n                          npwd_messages_conversations.label,\n                          UNIX_TIMESTAMP(npwd_messages_conversations.updatedAt) as updatedAt,\n                          npwd_messages_participants.participant\n                   FROM npwd_messages_conversations\n                            INNER JOIN npwd_messages_participants\n                                       on npwd_messages_conversations.id = npwd_messages_participants.conversation_id\n                   WHERE npwd_messages_participants.participant = ? [\"9185637251\"]) in 45.5395ms'","module":"DBInterface","timestamp":"2026-08-05T16:46:54.542Z"}
{"level":"info","message":"Executed query (SELECT * FROM npwd_phone_contacts WHERE identifier = ? ORDER BY display ASC [\"PFV2Q821\"]) in 44.5309ms'","module":"DBInterface","timestamp":"2026-08-05T16:46:54.543Z"}
{"level":"silly","message":{"data":{"bio":"","createdAt":"2026-08-04T16:56:49.000Z","id":1,"identifier":"PFV2Q821","image":"https://upload.wikimedia.org/wikipedia/commons/a/ac/No_image_available.svg","job":"","lastActive":1785862609,"lastActiveFormatted":"Tue, 04 Aug 2026 16:56:49 GMT","location":"","name":"Admin K","tagList":[],"tags":"","updatedAt":"2026-08-04T16:56:49.000Z","viewed":false,"voiceMessage":null},"status":"ok"},"module":"events","timestamp":"2026-08-05T16:46:54.531Z"}
{"level":"silly","message":"Response Promise Event npwd:fetchMessageGroups:09dbf96c-fa4d-4a09-a21b-17dda25ecf12 (46.0758ms), Data >>","module":"events","timestamp":"2026-08-05T16:46:54.542Z"}
{"level":"silly","message":{"data":[],"status":"ok"},"module":"events","timestamp":"2026-08-05T16:46:54.542Z"}
{"level":"silly","message":"Response Promise Event npwd-contact-getAll:826093fe-9820-4444-a0f7-6aded409ef8c (45.0976ms), Data >>","module":"events","timestamp":"2026-08-05T16:46:54.543Z"}
{"level":"silly","message":{"data":[],"status":"ok"},"module":"events","timestamp":"2026-08-05T16:46:54.543Z"}
{"level":"info","message":"Executed query (SELECT id FROM npwd_marketplace_listings WHERE identifier = ? [\"PFV2Q821\"]) in 15.4955ms'","module":"DBInterface","timestamp":"2026-08-05T16:48:42.696Z"}
{"level":"info","message":"Executed query (DELETE FROM npwd_marketplace_listings WHERE identifier = ? AND reported = 0 [\"PFV2Q821\"]) in 34.5363ms'","module":"DBInterface","timestamp":"2026-08-05T16:48:42.731Z"}
{"level":"info","message":"Unloaded NPWD Player, source: (1)","module":"player","timestamp":"2026-08-05T16:48:42.732Z"}
{"level":"debug","message":"Marketplace service started","module":"marketplace","timestamp":"2026-08-05T16:48:51.829Z"}
{"level":"debug","message":"Call service started","module":"calls","timestamp":"2026-08-05T16:48:51.832Z"}
{"level":"debug","message":"Player Service started","module":"player","timestamp":"2026-08-05T16:48:51.832Z"}
{"level":"info","message":"Loading QBX bridge....","timestamp":"2026-08-05T16:48:51.833Z"}
{"level":"info","message":"QBX bridge initialized","timestamp":"2026-08-05T16:48:51.833Z"}
{"level":"debug","message":"Boot service started","module":"boot","timestamp":"2026-08-05T16:48:51.834Z"}
{"level":"debug","message":"Messages service started","module":"messages","timestamp":"2026-08-05T16:48:51.835Z"}
{"level":"debug","message":"Notes service started","module":"notes","timestamp":"2026-08-05T16:48:51.835Z"}
{"level":"debug","message":"Contacts service started","module":"contact","timestamp":"2026-08-05T16:48:51.835Z"}
{"level":"debug","message":"Photo service started","module":"photo","timestamp":"2026-08-05T16:48:51.848Z"}
{"level":"debug","message":"Twitter service started","module":"twitter","timestamp":"2026-08-05T16:48:51.848Z"}
{"level":"debug","message":"Match service started","module":"match","timestamp":"2026-08-05T16:48:51.849Z"}
{"level":"debug","message":"Beginning database schema validation","module":"boot","timestamp":"2026-08-05T16:48:52.924Z"}
{"level":"info","message":"Successfully started","timestamp":"2026-08-05T16:48:52.948Z"}
{"level":"info","message":"Executed query (SELECT COUNT(*) as count\n                       FROM information_schema.tables\n                       WHERE table_schema = ?\n                         AND table_name = ? [\"Qbox_7217A1\",\"players\"]) in 147.0908ms'","module":"DBInterface","timestamp":"2026-08-05T16:48:53.072Z"}
{"level":"info","message":"Executed query (SHOW COLUMNS IN players []) in 46.2656ms'","module":"DBInterface","timestamp":"2026-08-05T16:48:53.119Z"}
{"level":"debug","message":"Database schema successfully validated","module":"boot","timestamp":"2026-08-05T16:48:53.119Z"}
{"level":"debug","message":"1 failed to unload, likely was never loaded in the first place.","module":"player","timestamp":"2026-08-05T16:51:22.923Z"}
{"level":"debug","message":"Marketplace service started","module":"marketplace","timestamp":"2026-08-05T16:51:32.227Z"}
{"level":"debug","message":"Call service started","module":"calls","timestamp":"2026-08-05T16:51:32.230Z"}
{"level":"debug","message":"Player Service started","module":"player","timestamp":"2026-08-05T16:51:32.230Z"}
{"level":"info","message":"Loading QBX bridge....","timestamp":"2026-08-05T16:51:32.231Z"}
{"level":"info","message":"QBX bridge initialized","timestamp":"2026-08-05T16:51:32.231Z"}
{"level":"debug","message":"Boot service started","module":"boot","timestamp":"2026-08-05T16:51:32.232Z"}
{"level":"debug","message":"Messages service started","module":"messages","timestamp":"2026-08-05T16:51:32.232Z"}
{"level":"debug","message":"Notes service started","module":"notes","timestamp":"2026-08-05T16:51:32.233Z"}
{"level":"debug","message":"Contacts service started","module":"contact","timestamp":"2026-08-05T16:51:32.233Z"}
{"level":"debug","message":"Photo service started","module":"photo","timestamp":"2026-08-05T16:51:32.245Z"}
{"level":"debug","message":"Twitter service started","module":"twitter","timestamp":"2026-08-05T16:51:32.246Z"}
{"level":"debug","message":"Match service started","module":"match","timestamp":"2026-08-05T16:51:32.246Z"}
{"level":"debug","message":"Beginning database schema validation","module":"boot","timestamp":"2026-08-05T16:51:34.200Z"}
{"level":"info","message":"Successfully started","timestamp":"2026-08-05T16:51:34.222Z"}
{"level":"info","message":"Executed query (SELECT COUNT(*) as count\n                       FROM information_schema.tables\n                       WHERE table_schema = ?\n                         AND table_name = ? [\"Qbox_7217A1\",\"players\"]) in 172.2867ms'","module":"DBInterface","timestamp":"2026-08-05T16:51:34.373Z"}
{"level":"info","message":"Executed query (SHOW COLUMNS IN players []) in 35.8908ms'","module":"DBInterface","timestamp":"2026-08-05T16:51:34.409Z"}
{"level":"debug","message":"Database schema successfully validated","module":"boot","timestamp":"2026-08-05T16:51:34.409Z"}
{"level":"info","message":"New NPWD Player added through event (1) (PFV2Q821)","module":"player","timestamp":"2026-08-05T16:52:33.947Z"}
{"level":"debug","message":{"_firstname":"Admin","_identifier":"PFV2Q821","_lastname":"K","_phoneNumber":"9185637251","source":1,"username":"QuickOtter4576"},"module":"player","timestamp":"2026-08-05T16:52:33.948Z"}
{"level":"info","message":"New NPWD Player added through event (1) (PFV2Q821)","module":"player","timestamp":"2026-08-05T16:52:33.952Z"}
{"level":"debug","message":{"_firstname":"Admin","_identifier":"PFV2Q821","_lastname":"K","_phoneNumber":"9185637251","source":1,"username":"QuickOtter4576"},"module":"player","timestamp":"2026-08-05T16:52:33.952Z"}
{"level":"silly","message":"netPromise > npwd:fetchTweets > RequestObj","module":"events","timestamp":"2026-08-05T16:52:34.003Z"}
{"level":"silly","message":{"data":{"pageId":0},"source":1},"module":"events","timestamp":"2026-08-05T16:52:34.003Z"}
{"level":"info","message":"Executed query (\n        SELECT *\n        FROM npwd_twitter_profiles\n        WHERE identifier = ?\n        LIMIT 1\n\t\t [\"PFV2Q821\"]) in 14.5769ms'","module":"DBInterface","timestamp":"2026-08-05T16:52:34.019Z"}
{"level":"info","message":"Executed query (\n        SELECT \n  npwd_twitter_tweets.id,\n  npwd_twitter_tweets.identifier,\n  npwd_twitter_profiles.id AS profile_id,\n  npwd_twitter_profiles.profile_name,\n  npwd_twitter_profiles.avatar_url,\n  npwd_twitter_tweets.likes,\n  npwd_twitter_tweets.visible,\n  IFNULL(COALESCE(retweets.message, npwd_twitter_tweets.message), '') AS message,\n  IFNULL(COALESCE(retweets.images, npwd_twitter_tweets.images), '') AS images,\n  npwd_twitter_tweets.retweet IS NOT NULL AS isRetweet,\n  retweets.id AS retweetId,\n  retweets_profiles.profile_name AS retweetProfileName,\n  retweets_profiles.avatar_url AS retweetAvatarUrl,\n  npwd_twitter_likes.id IS NOT NULL AS isLiked,\n  npwd_twitter_reports.id IS NOT NULL AS isReported,\n  npwd_twitter_tweets.createdAt,\n  npwd_twitter_tweets.updatedAt,\n  TIME_TO_SEC(TIMEDIFF( NOW(), npwd_twitter_tweets.createdAt)) AS seconds_since_tweet\n\n        FROM npwd_twitter_tweets\n                 LEFT OUTER JOIN npwd_twitter_profiles\n                                 ON npwd_twitter_tweets.identifier = npwd_twitter_profiles.identifier\n                 LEFT OUTER JOIN npwd_twitter_likes ON npwd_twitter_tweets.id = npwd_twitter_likes.tweet_id AND\n                                                       npwd_twitter_likes.profile_id = ?\n                 LEFT OUTER JOIN npwd_twitter_reports ON npwd_twitter_tweets.id = npwd_twitter_reports.tweet_id AND\n                                                         npwd_twitter_reports.profile_id = ?\n                 LEFT OUTER JOIN npwd_twitter_tweets AS retweets ON retweets.id = npwd_twitter_tweets.retweet\n                 LEFT OUTER JOIN npwd_twitter_profiles AS retweets_profiles\n                                 ON retweets.identifier = retweets_profiles.identifier\n        WHERE npwd_twitter_tweets.visible = 1\n        ORDER BY id DESC\n        LIMIT ? OFFSET ?\n\t\t [1,1,\"25\",\"0\"]) in 46.5289ms'","module":"DBInterface","timestamp":"2026-08-05T16:52:34.066Z"}
{"level":"silly","message":"Response Promise Event npwd:fetchTweets:a063fba4-218b-4365-814f-abf5cc3d0c08 (63.7167ms), Data >>","module":"events","timestamp":"2026-08-05T16:52:34.067Z"}
{"level":"silly","message":{"data":[],"status":"ok"},"module":"events","timestamp":"2026-08-05T16:52:34.067Z"}
{"level":"silly","message":"netPromise > npwd:getOrCreateTwitterProfile > RequestObj","module":"events","timestamp":"2026-08-05T16:52:34.126Z"}
{"level":"silly","message":{"data":null,"source":1},"module":"events","timestamp":"2026-08-05T16:52:34.126Z"}
{"level":"silly","message":"netPromise > phone:getMyProfile > RequestObj","module":"events","timestamp":"2026-08-05T16:52:34.127Z"}
{"level":"silly","message":{"data":null,"source":1},"module":"events","timestamp":"2026-08-05T16:52:34.127Z"}
{"level":"silly","message":"netPromise > npwd:fetchMessageGroups > RequestObj","module":"events","timestamp":"2026-08-05T16:52:34.129Z"}
{"level":"silly","message":{"data":null,"source":1},"module":"events","timestamp":"2026-08-05T16:52:34.129Z"}
{"level":"silly","message":"netPromise > npwd-contact-getAll > RequestObj","module":"events","timestamp":"2026-08-05T16:52:34.131Z"}
{"level":"silly","message":{"data":null,"source":1},"module":"events","timestamp":"2026-08-05T16:52:34.131Z"}
{"level":"info","message":"Executed query (\n        SELECT *\n        FROM npwd_twitter_profiles\n        WHERE identifier = ?\n        LIMIT 1\n\t\t [\"PFV2Q821\"]) in 10.0549ms'","module":"DBInterface","timestamp":"2026-08-05T16:52:34.137Z"}
{"level":"silly","message":"Response Promise Event npwd:getOrCreateTwitterProfile:71be539d-7e93-40c4-87bb-4c30bf380aba (10.8166ms), Data >>","module":"events","timestamp":"2026-08-05T16:52:34.137Z"}
{"level":"silly","message":{"data":{"avatar_url":"https://i.fivemanage.com/images/3ClWwmpwkFhL.png","createdAt":"2026-08-04T16:56:49.000Z","id":1,"identifier":"PFV2Q821","profile_name":"Admin_K","updatedAt":"2026-08-04T16:56:49.000Z"},"status":"ok"},"module":"events","timestamp":"2026-08-05T16:52:34.137Z"}
{"level":"info","message":"Executed query (\n        SELECT *,\n               UNIX_TIMESTAMP(updatedAt) AS lastActive\n        FROM npwd_match_profiles\n        WHERE identifier = ?\n        LIMIT 1\n\t\t [\"PFV2Q821\"]) in 60.7021ms'","module":"DBInterface","timestamp":"2026-08-05T16:52:34.189Z"}
{"level":"silly","message":"Response Promise Event phone:getMyProfile:0e9ec8e4-119d-4ed7-85c6-92b6934b0498 (63.1396ms), Data >>","module":"events","timestamp":"2026-08-05T16:52:34.190Z"}
{"level":"info","message":"Executed query (SELECT npwd_messages_conversations.id,\n                          npwd_messages_conversations.conversation_list         as conversationList,\n                          npwd_messages_participants.unread_count               as unreadCount,\n                          npwd_messages_conversations.is_group_chat             as isGroupChat,\n                          npwd_messages_conversations.label,\n                          UNIX_TIMESTAMP(npwd_messages_conversations.updatedAt) as updatedAt,\n                          npwd_messages_participants.participant\n                   FROM npwd_messages_conversations\n                            INNER JOIN npwd_messages_participants\n                                       on npwd_messages_conversations.id = npwd_messages_participants.conversation_id\n                   WHERE npwd_messages_participants.participant = ? [\"9185637251\"]) in 61.2574ms'","module":"DBInterface","timestamp":"2026-08-05T16:52:34.191Z"}
{"level":"info","message":"Executed query (SELECT * FROM npwd_phone_contacts WHERE identifier = ? ORDER BY display ASC [\"PFV2Q821\"]) in 61.788ms'","module":"DBInterface","timestamp":"2026-08-05T16:52:34.193Z"}
{"level":"silly","message":{"data":{"bio":"","createdAt":"2026-08-04T16:56:49.000Z","id":1,"identifier":"PFV2Q821","image":"https://upload.wikimedia.org/wikipedia/commons/a/ac/No_image_available.svg","job":"","lastActive":1785862609,"lastActiveFormatted":"Tue, 04 Aug 2026 16:56:49 GMT","location":"","name":"Admin K","tagList":[],"tags":"","updatedAt":"2026-08-04T16:56:49.000Z","viewed":false,"voiceMessage":null},"status":"ok"},"module":"events","timestamp":"2026-08-05T16:52:34.190Z"}
{"level":"silly","message":"Response Promise Event npwd:fetchMessageGroups:8b3ec3f8-1c05-488e-845f-d2e918601ded (61.8897ms), Data >>","module":"events","timestamp":"2026-08-05T16:52:34.191Z"}
{"level":"silly","message":{"data":[],"status":"ok"},"module":"events","timestamp":"2026-08-05T16:52:34.191Z"}
{"level":"silly","message":"Response Promise Event npwd-contact-getAll:cab8b205-bd34-4788-8263-fcdc45a54edc (62.3614ms), Data >>","module":"events","timestamp":"2026-08-05T16:52:34.193Z"}
{"level":"silly","message":{"data":[],"status":"ok"},"module":"events","timestamp":"2026-08-05T16:52:34.194Z"}
{"level":"info","message":"Executed query (SELECT id FROM npwd_marketplace_listings WHERE identifier = ? [\"PFV2Q821\"]) in 17.4859ms'","module":"DBInterface","timestamp":"2026-08-05T16:58:50.593Z"}
{"level":"info","message":"Executed query (DELETE FROM npwd_marketplace_listings WHERE identifier = ? AND reported = 0 [\"PFV2Q821\"]) in 10.7545ms'","module":"DBInterface","timestamp":"2026-08-05T16:58:50.604Z"}
{"level":"info","message":"Unloaded NPWD Player, source: (1)","module":"player","timestamp":"2026-08-05T16:58:50.604Z"}
{"level":"debug","message":"Marketplace service started","module":"marketplace","timestamp":"2026-08-05T16:59:00.230Z"}
{"level":"debug","message":"Call service started","module":"calls","timestamp":"2026-08-05T16:59:00.233Z"}
{"level":"debug","message":"Player Service started","module":"player","timestamp":"2026-08-05T16:59:00.233Z"}
{"level":"info","message":"Loading QBX bridge....","timestamp":"2026-08-05T16:59:00.234Z"}
{"level":"info","message":"QBX bridge initialized","timestamp":"2026-08-05T16:59:00.234Z"}
{"level":"debug","message":"Boot service started","module":"boot","timestamp":"2026-08-05T16:59:00.234Z"}
{"level":"debug","message":"Messages service started","module":"messages","timestamp":"2026-08-05T16:59:00.235Z"}
{"level":"debug","message":"Notes service started","module":"notes","timestamp":"2026-08-05T16:59:00.235Z"}
{"level":"debug","message":"Contacts service started","module":"contact","timestamp":"2026-08-05T16:59:00.236Z"}
{"level":"debug","message":"Photo service started","module":"photo","timestamp":"2026-08-05T16:59:00.249Z"}
{"level":"debug","message":"Twitter service started","module":"twitter","timestamp":"2026-08-05T16:59:00.249Z"}
{"level":"debug","message":"Match service started","module":"match","timestamp":"2026-08-05T16:59:00.250Z"}
{"level":"debug","message":"Beginning database schema validation","module":"boot","timestamp":"2026-08-05T16:59:01.412Z"}
{"level":"info","message":"Successfully started","timestamp":"2026-08-05T16:59:01.435Z"}
{"level":"info","message":"Executed query (SELECT COUNT(*) as count\n                       FROM information_schema.tables\n                       WHERE table_schema = ?\n                         AND table_name = ? [\"Qbox_7217A1\",\"players\"]) in 156.9626ms'","module":"DBInterface","timestamp":"2026-08-05T16:59:01.570Z"}
{"level":"info","message":"Executed query (SHOW COLUMNS IN players []) in 52.3064ms'","module":"DBInterface","timestamp":"2026-08-05T16:59:01.623Z"}
{"level":"debug","message":"Database schema successfully validated","module":"boot","timestamp":"2026-08-05T16:59:01.623Z"}
{"level":"info","message":"New NPWD Player added through event (1) (PFV2Q821)","module":"player","timestamp":"2026-08-05T17:00:00.202Z"}
{"level":"debug","message":{"_firstname":"Admin","_identifier":"PFV2Q821","_lastname":"K","_phoneNumber":"9185637251","source":1,"username":"QuickOtter4576"},"module":"player","timestamp":"2026-08-05T17:00:00.203Z"}
{"level":"info","message":"New NPWD Player added through event (1) (PFV2Q821)","module":"player","timestamp":"2026-08-05T17:00:00.207Z"}
{"level":"debug","message":{"_firstname":"Admin","_identifier":"PFV2Q821","_lastname":"K","_phoneNumber":"9185637251","source":1,"username":"QuickOtter4576"},"module":"player","timestamp":"2026-08-05T17:00:00.208Z"}
{"level":"silly","message":"netPromise > npwd:fetchTweets > RequestObj","module":"events","timestamp":"2026-08-05T17:00:00.255Z"}
{"level":"silly","message":{"data":{"pageId":0},"source":1},"module":"events","timestamp":"2026-08-05T17:00:00.255Z"}
{"level":"info","message":"Executed query (\n        SELECT *\n        FROM npwd_twitter_profiles\n        WHERE identifier = ?\n        LIMIT 1\n\t\t [\"PFV2Q821\"]) in 7.7921ms'","module":"DBInterface","timestamp":"2026-08-05T17:00:00.264Z"}
{"level":"info","message":"Executed query (\n        SELECT \n  npwd_twitter_tweets.id,\n  npwd_twitter_tweets.identifier,\n  npwd_twitter_profiles.id AS profile_id,\n  npwd_twitter_profiles.profile_name,\n  npwd_twitter_profiles.avatar_url,\n  npwd_twitter_tweets.likes,\n  npwd_twitter_tweets.visible,\n  IFNULL(COALESCE(retweets.message, npwd_twitter_tweets.message), '') AS message,\n  IFNULL(COALESCE(retweets.images, npwd_twitter_tweets.images), '') AS images,\n  npwd_twitter_tweets.retweet IS NOT NULL AS isRetweet,\n  retweets.id AS retweetId,\n  retweets_profiles.profile_name AS retweetProfileName,\n  retweets_profiles.avatar_url AS retweetAvatarUrl,\n  npwd_twitter_likes.id IS NOT NULL AS isLiked,\n  npwd_twitter_reports.id IS NOT NULL AS isReported,\n  npwd_twitter_tweets.createdAt,\n  npwd_twitter_tweets.updatedAt,\n  TIME_TO_SEC(TIMEDIFF( NOW(), npwd_twitter_tweets.createdAt)) AS seconds_since_tweet\n\n        FROM npwd_twitter_tweets\n                 LEFT OUTER JOIN npwd_twitter_profiles\n                                 ON npwd_twitter_tweets.identifier = npwd_twitter_profiles.identifier\n                 LEFT OUTER JOIN npwd_twitter_likes ON npwd_twitter_tweets.id = npwd_twitter_likes.tweet_id AND\n                                                       npwd_twitter_likes.profile_id = ?\n                 LEFT OUTER JOIN npwd_twitter_reports ON npwd_twitter_tweets.id = npwd_twitter_reports.tweet_id AND\n                                                         npwd_twitter_reports.profile_id = ?\n                 LEFT OUTER JOIN npwd_twitter_tweets AS retweets ON retweets.id = npwd_twitter_tweets.retweet\n                 LEFT OUTER JOIN npwd_twitter_profiles AS retweets_profiles\n                                 ON retweets.identifier = retweets_profiles.identifier\n        WHERE npwd_twitter_tweets.visible = 1\n        ORDER BY id DESC\n        LIMIT ? OFFSET ?\n\t\t [1,1,\"25\",\"0\"]) in 35.5315ms'","module":"DBInterface","timestamp":"2026-08-05T17:00:00.300Z"}
{"level":"silly","message":"Response Promise Event npwd:fetchTweets:a76d9e8a-bc62-4d26-b455-c3ab95e2cb81 (45.5575ms), Data >>","module":"events","timestamp":"2026-08-05T17:00:00.300Z"}
{"level":"silly","message":{"data":[],"status":"ok"},"module":"events","timestamp":"2026-08-05T17:00:00.301Z"}
{"level":"silly","message":"netPromise > npwd:getOrCreateTwitterProfile > RequestObj","module":"events","timestamp":"2026-08-05T17:00:00.375Z"}
{"level":"silly","message":{"data":null,"source":1},"module":"events","timestamp":"2026-08-05T17:00:00.375Z"}
{"level":"silly","message":"netPromise > phone:getMyProfile > RequestObj","module":"events","timestamp":"2026-08-05T17:00:00.376Z"}
{"level":"silly","message":{"data":null,"source":1},"module":"events","timestamp":"2026-08-05T17:00:00.376Z"}
{"level":"silly","message":"netPromise > npwd:fetchMessageGroups > RequestObj","module":"events","timestamp":"2026-08-05T17:00:00.378Z"}
{"level":"silly","message":{"data":null,"source":1},"module":"events","timestamp":"2026-08-05T17:00:00.378Z"}
{"level":"silly","message":"netPromise > npwd-contact-getAll > RequestObj","module":"events","timestamp":"2026-08-05T17:00:00.381Z"}
{"level":"silly","message":{"data":null,"source":1},"module":"events","timestamp":"2026-08-05T17:00:00.381Z"}
{"level":"info","message":"Executed query (\n        SELECT *\n        FROM npwd_twitter_profiles\n        WHERE identifier = ?\n        LIMIT 1\n\t\t [\"PFV2Q821\"]) in 14.162ms'","module":"DBInterface","timestamp":"2026-08-05T17:00:00.390Z"}
{"level":"silly","message":"Response Promise Event npwd:getOrCreateTwitterProfile:ab3d7f51-e921-4e7a-a339-6bddad9cc687 (15.4582ms), Data >>","module":"events","timestamp":"2026-08-05T17:00:00.391Z"}
{"level":"silly","message":{"data":{"avatar_url":"https://i.fivemanage.com/images/3ClWwmpwkFhL.png","createdAt":"2026-08-04T16:56:49.000Z","id":1,"identifier":"PFV2Q821","profile_name":"Admin_K","updatedAt":"2026-08-04T16:56:49.000Z"},"status":"ok"},"module":"events","timestamp":"2026-08-05T17:00:00.391Z"}
{"level":"info","message":"Executed query (\n        SELECT *,\n               UNIX_TIMESTAMP(updatedAt) AS lastActive\n        FROM npwd_match_profiles\n        WHERE identifier = ?\n        LIMIT 1\n\t\t [\"PFV2Q821\"]) in 63.1667ms'","module":"DBInterface","timestamp":"2026-08-05T17:00:00.440Z"}
{"level":"silly","message":"Response Promise Event phone:getMyProfile:3bab50c8-4f47-4836-ab4f-ce430d8bcf43 (64.7084ms), Data >>","module":"events","timestamp":"2026-08-05T17:00:00.441Z"}
{"level":"info","message":"Executed query (SELECT npwd_messages_conversations.id,\n                          npwd_messages_conversations.conversation_list         as conversationList,\n                          npwd_messages_participants.unread_count               as unreadCount,\n                          npwd_messages_conversations.is_group_chat             as isGroupChat,\n                          npwd_messages_conversations.label,\n                          UNIX_TIMESTAMP(npwd_messages_conversations.updatedAt) as updatedAt,\n                          npwd_messages_participants.participant\n                   FROM npwd_messages_conversations\n                            INNER JOIN npwd_messages_participants\n                                       on npwd_messages_conversations.id = npwd_messages_participants.conversation_id\n                   WHERE npwd_messages_participants.participant = ? [\"9185637251\"]) in 76.5367ms'","module":"DBInterface","timestamp":"2026-08-05T17:00:00.455Z"}
{"level":"info","message":"Executed query (SELECT * FROM npwd_phone_contacts WHERE identifier = ? ORDER BY display ASC [\"PFV2Q821\"]) in 75.253ms'","module":"DBInterface","timestamp":"2026-08-05T17:00:00.456Z"}
{"level":"silly","message":{"data":{"bio":"","createdAt":"2026-08-04T16:56:49.000Z","id":1,"identifier":"PFV2Q821","image":"https://upload.wikimedia.org/wikipedia/commons/a/ac/No_image_available.svg","job":"","lastActive":1785862609,"lastActiveFormatted":"Tue, 04 Aug 2026 16:56:49 GMT","location":"","name":"Admin K","tagList":[],"tags":"","updatedAt":"2026-08-04T16:56:49.000Z","viewed":false,"voiceMessage":null},"status":"ok"},"module":"events","timestamp":"2026-08-05T17:00:00.441Z"}
{"level":"silly","message":"Response Promise Event npwd:fetchMessageGroups:c1dfce42-51f4-45d5-b4a0-1891ea68ecaf (77.2976ms), Data >>","module":"events","timestamp":"2026-08-05T17:00:00.456Z"}
{"level":"silly","message":{"data":[],"status":"ok"},"module":"events","timestamp":"2026-08-05T17:00:00.456Z"}
{"level":"silly","message":"Response Promise Event npwd-contact-getAll:b819a639-8b18-47d5-acdb-1acc3735a084 (75.9826ms), Data >>","module":"events","timestamp":"2026-08-05T17:00:00.457Z"}
{"level":"silly","message":{"data":[],"status":"ok"},"module":"events","timestamp":"2026-08-05T17:00:00.457Z"}
{"level":"info","message":"Executed query (SELECT id FROM npwd_marketplace_listings WHERE identifier = ? [\"PFV2Q821\"]) in 11.2157ms'","module":"DBInterface","timestamp":"2026-08-05T17:04:11.735Z"}
{"level":"info","message":"Executed query (DELETE FROM npwd_marketplace_listings WHERE identifier = ? AND reported = 0 [\"PFV2Q821\"]) in 3.5024ms'","module":"DBInterface","timestamp":"2026-08-05T17:04:11.739Z"}
{"level":"info","message":"Unloaded NPWD Player, source: (1)","module":"player","timestamp":"2026-08-05T17:04:11.739Z"}
{"level":"debug","message":"Marketplace service started","module":"marketplace","timestamp":"2026-08-05T17:04:20.709Z"}
{"level":"debug","message":"Call service started","module":"calls","timestamp":"2026-08-05T17:04:20.713Z"}
{"level":"debug","message":"Player Service started","module":"player","timestamp":"2026-08-05T17:04:20.714Z"}
{"level":"info","message":"Loading QBX bridge....","timestamp":"2026-08-05T17:04:20.714Z"}
{"level":"info","message":"QBX bridge initialized","timestamp":"2026-08-05T17:04:20.715Z"}
{"level":"debug","message":"Boot service started","module":"boot","timestamp":"2026-08-05T17:04:20.715Z"}
{"level":"debug","message":"Messages service started","module":"messages","timestamp":"2026-08-05T17:04:20.716Z"}
{"level":"debug","message":"Notes service started","module":"notes","timestamp":"2026-08-05T17:04:20.716Z"}
{"level":"debug","message":"Contacts service started","module":"contact","timestamp":"2026-08-05T17:04:20.716Z"}
{"level":"debug","message":"Photo service started","module":"photo","timestamp":"2026-08-05T17:04:20.729Z"}
{"level":"debug","message":"Twitter service started","module":"twitter","timestamp":"2026-08-05T17:04:20.730Z"}
{"level":"debug","message":"Match service started","module":"match","timestamp":"2026-08-05T17:04:20.731Z"}
{"level":"debug","message":"Beginning database schema validation","module":"boot","timestamp":"2026-08-05T17:04:21.799Z"}
{"level":"info","message":"Successfully started","timestamp":"2026-08-05T17:04:21.817Z"}
{"level":"info","message":"Executed query (SELECT COUNT(*) as count\n                       FROM information_schema.tables\n                       WHERE table_schema = ?\n                         AND table_name = ? [\"Qbox_7217A1\",\"players\"]) in 138.4033ms'","module":"DBInterface","timestamp":"2026-08-05T17:04:21.938Z"}
{"level":"info","message":"Executed query (SHOW COLUMNS IN players []) in 36.419ms'","module":"DBInterface","timestamp":"2026-08-05T17:04:21.975Z"}
{"level":"debug","message":"Database schema successfully validated","module":"boot","timestamp":"2026-08-05T17:04:21.975Z"}
{"level":"info","message":"New NPWD Player added through event (1) (PFV2Q821)","module":"player","timestamp":"2026-08-05T17:05:24.173Z"}
{"level":"debug","message":{"_firstname":"Admin","_identifier":"PFV2Q821","_lastname":"K","_phoneNumber":"9185637251","source":1,"username":"QuickOtter4576"},"module":"player","timestamp":"2026-08-05T17:05:24.173Z"}
{"level":"info","message":"New NPWD Player added through event (1) (PFV2Q821)","module":"player","timestamp":"2026-08-05T17:05:24.178Z"}
{"level":"debug","message":{"_firstname":"Admin","_identifier":"PFV2Q821","_lastname":"K","_phoneNumber":"9185637251","source":1,"username":"QuickOtter4576"},"module":"player","timestamp":"2026-08-05T17:05:24.178Z"}
{"level":"silly","message":"netPromise > npwd:fetchTweets > RequestObj","module":"events","timestamp":"2026-08-05T17:05:24.225Z"}
{"level":"silly","message":{"data":{"pageId":0},"source":1},"module":"events","timestamp":"2026-08-05T17:05:24.225Z"}
{"level":"info","message":"Executed query (\n        SELECT *\n        FROM npwd_twitter_profiles\n        WHERE identifier = ?\n        LIMIT 1\n\t\t [\"PFV2Q821\"]) in 6.7423ms'","module":"DBInterface","timestamp":"2026-08-05T17:05:24.233Z"}
{"level":"info","message":"Executed query (\n        SELECT \n  npwd_twitter_tweets.id,\n  npwd_twitter_tweets.identifier,\n  npwd_twitter_profiles.id AS profile_id,\n  npwd_twitter_profiles.profile_name,\n  npwd_twitter_profiles.avatar_url,\n  npwd_twitter_tweets.likes,\n  npwd_twitter_tweets.visible,\n  IFNULL(COALESCE(retweets.message, npwd_twitter_tweets.message), '') AS message,\n  IFNULL(COALESCE(retweets.images, npwd_twitter_tweets.images), '') AS images,\n  npwd_twitter_tweets.retweet IS NOT NULL AS isRetweet,\n  retweets.id AS retweetId,\n  retweets_profiles.profile_name AS retweetProfileName,\n  retweets_profiles.avatar_url AS retweetAvatarUrl,\n  npwd_twitter_likes.id IS NOT NULL AS isLiked,\n  npwd_twitter_reports.id IS NOT NULL AS isReported,\n  npwd_twitter_tweets.createdAt,\n  npwd_twitter_tweets.updatedAt,\n  TIME_TO_SEC(TIMEDIFF( NOW(), npwd_twitter_tweets.createdAt)) AS seconds_since_tweet\n\n        FROM npwd_twitter_tweets\n                 LEFT OUTER JOIN npwd_twitter_profiles\n                                 ON npwd_twitter_tweets.identifier = npwd_twitter_profiles.identifier\n                 LEFT OUTER JOIN npwd_twitter_likes ON npwd_twitter_tweets.id = npwd_twitter_likes.tweet_id AND\n                                                       npwd_twitter_likes.profile_id = ?\n                 LEFT OUTER JOIN npwd_twitter_reports ON npwd_twitter_tweets.id = npwd_twitter_reports.tweet_id AND\n                                                         npwd_twitter_reports.profile_id = ?\n                 LEFT OUTER JOIN npwd_twitter_tweets AS retweets ON retweets.id = npwd_twitter_tweets.retweet\n                 LEFT OUTER JOIN npwd_twitter_profiles AS retweets_profiles\n                                 ON retweets.identifier = retweets_profiles.identifier\n        WHERE npwd_twitter_tweets.visible = 1\n        ORDER BY id DESC\n        LIMIT ? OFFSET ?\n\t\t [1,1,\"25\",\"0\"]) in 43.1669ms'","module":"DBInterface","timestamp":"2026-08-05T17:05:24.276Z"}
{"level":"silly","message":"Response Promise Event npwd:fetchTweets:0f444079-4338-4210-92b1-43b8280d32a7 (51.9347ms), Data >>","module":"events","timestamp":"2026-08-05T17:05:24.277Z"}
{"level":"silly","message":{"data":[],"status":"ok"},"module":"events","timestamp":"2026-08-05T17:05:24.277Z"}
{"level":"silly","message":"netPromise > npwd:getOrCreateTwitterProfile > RequestObj","module":"events","timestamp":"2026-08-05T17:05:24.337Z"}
{"level":"silly","message":{"data":null,"source":1},"module":"events","timestamp":"2026-08-05T17:05:24.338Z"}
{"level":"silly","message":"netPromise > phone:getMyProfile > RequestObj","module":"events","timestamp":"2026-08-05T17:05:24.338Z"}
{"level":"silly","message":{"data":null,"source":1},"module":"events","timestamp":"2026-08-05T17:05:24.338Z"}
{"level":"silly","message":"netPromise > npwd:fetchMessageGroups > RequestObj","module":"events","timestamp":"2026-08-05T17:05:24.340Z"}
{"level":"silly","message":{"data":null,"source":1},"module":"events","timestamp":"2026-08-05T17:05:24.340Z"}
{"level":"silly","message":"netPromise > npwd-contact-getAll > RequestObj","module":"events","timestamp":"2026-08-05T17:05:24.342Z"}
{"level":"silly","message":{"data":null,"source":1},"module":"events","timestamp":"2026-08-05T17:05:24.342Z"}
{"level":"info","message":"Executed query (\n        SELECT *\n        FROM npwd_twitter_profiles\n        WHERE identifier = ?\n        LIMIT 1\n\t\t [\"PFV2Q821\"]) in 9.6108ms'","module":"DBInterface","timestamp":"2026-08-05T17:05:24.348Z"}
{"level":"silly","message":"Response Promise Event npwd:getOrCreateTwitterProfile:0994ac15-c355-47ef-950f-4018ae176d99 (10.6598ms), Data >>","module":"events","timestamp":"2026-08-05T17:05:24.348Z"}
{"level":"silly","message":{"data":{"avatar_url":"https://i.fivemanage.com/images/3ClWwmpwkFhL.png","createdAt":"2026-08-04T16:56:49.000Z","id":1,"identifier":"PFV2Q821","profile_name":"Admin_K","updatedAt":"2026-08-04T16:56:49.000Z"},"status":"ok"},"module":"events","timestamp":"2026-08-05T17:05:24.348Z"}
{"level":"info","message":"Executed query (\n        SELECT *,\n               UNIX_TIMESTAMP(updatedAt) AS lastActive\n        FROM npwd_match_profiles\n        WHERE identifier = ?\n        LIMIT 1\n\t\t [\"PFV2Q821\"]) in 33.4214ms'","module":"DBInterface","timestamp":"2026-08-05T17:05:24.372Z"}
{"level":"silly","message":"Response Promise Event phone:getMyProfile:c59bf461-7ee3-4ab3-8fa2-2ab3f85832af (34.8562ms), Data >>","module":"events","timestamp":"2026-08-05T17:05:24.373Z"}
{"level":"info","message":"Executed query (SELECT npwd_messages_conversations.id,\n                          npwd_messages_conversations.conversation_list         as conversationList,\n                          npwd_messages_participants.unread_count               as unreadCount,\n                          npwd_messages_conversations.is_group_chat             as isGroupChat,\n                          npwd_messages_conversations.label,\n                          UNIX_TIMESTAMP(npwd_messages_conversations.updatedAt) as updatedAt,\n                          npwd_messages_participants.participant\n                   FROM npwd_messages_conversations\n                            INNER JOIN npwd_messages_participants\n                                       on npwd_messages_conversations.id = npwd_messages_participants.conversation_id\n                   WHERE npwd_messages_participants.participant = ? [\"9185637251\"]) in 33.5364ms'","module":"DBInterface","timestamp":"2026-08-05T17:05:24.374Z"}
{"level":"info","message":"Executed query (SELECT * FROM npwd_phone_contacts WHERE identifier = ? ORDER BY display ASC [\"PFV2Q821\"]) in 42.5174ms'","module":"DBInterface","timestamp":"2026-08-05T17:05:24.385Z"}
{"level":"silly","message":{"data":{"bio":"","createdAt":"2026-08-04T16:56:49.000Z","id":1,"identifier":"PFV2Q821","image":"https://upload.wikimedia.org/wikipedia/commons/a/ac/No_image_available.svg","job":"","lastActive":1785862609,"lastActiveFormatted":"Tue, 04 Aug 2026 16:56:49 GMT","location":"","name":"Admin K","tagList":[],"tags":"","updatedAt":"2026-08-04T16:56:49.000Z","viewed":false,"voiceMessage":null},"status":"ok"},"module":"events","timestamp":"2026-08-05T17:05:24.373Z"}
{"level":"silly","message":"Response Promise Event npwd:fetchMessageGroups:64c8e2cd-5fac-412e-952d-08aa74e5d746 (34.1068ms), Data >>","module":"events","timestamp":"2026-08-05T17:05:24.374Z"}
{"level":"silly","message":{"data":[],"status":"ok"},"module":"events","timestamp":"2026-08-05T17:05:24.374Z"}
{"level":"silly","message":"Response Promise Event npwd-contact-getAll:e7077b9c-7a95-415d-8407-78284629ea69 (43.1279ms), Data >>","module":"events","timestamp":"2026-08-05T17:05:24.385Z"}
{"level":"silly","message":{"data":[],"status":"ok"},"module":"events","timestamp":"2026-08-05T17:05:24.385Z"}
{"level":"info","message":"Executed query (SELECT id FROM npwd_marketplace_listings WHERE identifier = ? [\"PFV2Q821\"]) in 12.7444ms'","module":"DBInterface","timestamp":"2026-08-05T17:05:51.607Z"}
{"level":"info","message":"Executed query (DELETE FROM npwd_marketplace_listings WHERE identifier = ? AND reported = 0 [\"PFV2Q821\"]) in 5.4258ms'","module":"DBInterface","timestamp":"2026-08-05T17:05:51.612Z"}
{"level":"info","message":"Unloaded NPWD Player, source: (1)","module":"player","timestamp":"2026-08-05T17:05:51.613Z"}
{"level":"debug","message":"Marketplace service started","module":"marketplace","timestamp":"2026-08-05T17:09:06.210Z"}
{"level":"debug","message":"Call service started","module":"calls","timestamp":"2026-08-05T17:09:06.212Z"}
{"level":"debug","message":"Player Service started","module":"player","timestamp":"2026-08-05T17:09:06.212Z"}
{"level":"info","message":"Loading QBX bridge....","timestamp":"2026-08-05T17:09:06.212Z"}
{"level":"info","message":"QBX bridge initialized","timestamp":"2026-08-05T17:09:06.212Z"}
{"level":"debug","message":"Boot service started","module":"boot","timestamp":"2026-08-05T17:09:06.212Z"}
{"level":"debug","message":"Messages service started","module":"messages","timestamp":"2026-08-05T17:09:06.213Z"}
{"level":"debug","message":"Notes service started","module":"notes","timestamp":"2026-08-05T17:09:06.213Z"}
{"level":"debug","message":"Contacts service started","module":"contact","timestamp":"2026-08-05T17:09:06.213Z"}
{"level":"debug","message":"Photo service started","module":"photo","timestamp":"2026-08-05T17:09:06.220Z"}
{"level":"debug","message":"Twitter service started","module":"twitter","timestamp":"2026-08-05T17:09:06.220Z"}
{"level":"debug","message":"Match service started","module":"match","timestamp":"2026-08-05T17:09:06.220Z"}
{"level":"debug","message":"Beginning database schema validation","module":"boot","timestamp":"2026-08-05T17:09:06.792Z"}
{"level":"info","message":"Successfully started","timestamp":"2026-08-05T17:09:06.803Z"}
{"level":"info","message":"Executed query (SELECT COUNT(*) as count\n                       FROM information_schema.tables\n                       WHERE table_schema = ?\n                         AND table_name = ? [\"Qbox_7217A1\",\"players\"]) in 61.7616ms'","module":"DBInterface","timestamp":"2026-08-05T17:09:06.854Z"}
{"level":"info","message":"Executed query (SHOW COLUMNS IN players []) in 16.9034ms'","module":"DBInterface","timestamp":"2026-08-05T17:09:06.872Z"}
{"level":"debug","message":"Database schema successfully validated","module":"boot","timestamp":"2026-08-05T17:09:06.872Z"}
{"level":"info","message":"New NPWD Player added through event (1) (PFV2Q821)","module":"player","timestamp":"2026-08-05T17:10:03.672Z"}
{"level":"debug","message":{"_firstname":"Admin","_identifier":"PFV2Q821","_lastname":"K","_phoneNumber":"9185637251","source":1,"username":"QuickOtter4576"},"module":"player","timestamp":"2026-08-05T17:10:03.672Z"}
{"level":"info","message":"New NPWD Player added through event (1) (PFV2Q821)","module":"player","timestamp":"2026-08-05T17:10:03.677Z"}
{"level":"debug","message":{"_firstname":"Admin","_identifier":"PFV2Q821","_lastname":"K","_phoneNumber":"9185637251","source":1,"username":"QuickOtter4576"},"module":"player","timestamp":"2026-08-05T17:10:03.677Z"}
{"level":"silly","message":"netPromise > npwd:fetchTweets > RequestObj","module":"events","timestamp":"2026-08-05T17:10:03.729Z"}
{"level":"silly","message":{"data":{"pageId":0},"source":1},"module":"events","timestamp":"2026-08-05T17:10:03.729Z"}
{"level":"info","message":"Executed query (\n        SELECT *\n        FROM npwd_twitter_profiles\n        WHERE identifier = ?\n        LIMIT 1\n\t\t [\"PFV2Q821\"]) in 14.9199ms'","module":"DBInterface","timestamp":"2026-08-05T17:10:03.745Z"}
{"level":"info","message":"Executed query (\n        SELECT \n  npwd_twitter_tweets.id,\n  npwd_twitter_tweets.identifier,\n  npwd_twitter_profiles.id AS profile_id,\n  npwd_twitter_profiles.profile_name,\n  npwd_twitter_profiles.avatar_url,\n  npwd_twitter_tweets.likes,\n  npwd_twitter_tweets.visible,\n  IFNULL(COALESCE(retweets.message, npwd_twitter_tweets.message), '') AS message,\n  IFNULL(COALESCE(retweets.images, npwd_twitter_tweets.images), '') AS images,\n  npwd_twitter_tweets.retweet IS NOT NULL AS isRetweet,\n  retweets.id AS retweetId,\n  retweets_profiles.profile_name AS retweetProfileName,\n  retweets_profiles.avatar_url AS retweetAvatarUrl,\n  npwd_twitter_likes.id IS NOT NULL AS isLiked,\n  npwd_twitter_reports.id IS NOT NULL AS isReported,\n  npwd_twitter_tweets.createdAt,\n  npwd_twitter_tweets.updatedAt,\n  TIME_TO_SEC(TIMEDIFF( NOW(), npwd_twitter_tweets.createdAt)) AS seconds_since_tweet\n\n        FROM npwd_twitter_tweets\n                 LEFT OUTER JOIN npwd_twitter_profiles\n                                 ON npwd_twitter_tweets.identifier = npwd_twitter_profiles.identifier\n                 LEFT OUTER JOIN npwd_twitter_likes ON npwd_twitter_tweets.id = npwd_twitter_likes.tweet_id AND\n                                                       npwd_twitter_likes.profile_id = ?\n                 LEFT OUTER JOIN npwd_twitter_reports ON npwd_twitter_tweets.id = npwd_twitter_reports.tweet_id AND\n                                                         npwd_twitter_reports.profile_id = ?\n                 LEFT OUTER JOIN npwd_twitter_tweets AS retweets ON retweets.id = npwd_twitter_tweets.retweet\n                 LEFT OUTER JOIN npwd_twitter_profiles AS retweets_profiles\n                                 ON retweets.identifier = retweets_profiles.identifier\n        WHERE npwd_twitter_tweets.visible = 1\n        ORDER BY id DESC\n        LIMIT ? OFFSET ?\n\t\t [1,1,\"25\",\"0\"]) in 44.748ms'","module":"DBInterface","timestamp":"2026-08-05T17:10:03.790Z"}
{"level":"silly","message":"Response Promise Event npwd:fetchTweets:43341160-db99-43a2-a04c-b9cd9f4d2826 (61.5586ms), Data >>","module":"events","timestamp":"2026-08-05T17:10:03.791Z"}
{"level":"silly","message":{"data":[],"status":"ok"},"module":"events","timestamp":"2026-08-05T17:10:03.791Z"}
{"level":"silly","message":"netPromise > npwd:getOrCreateTwitterProfile > RequestObj","module":"events","timestamp":"2026-08-05T17:10:03.851Z"}
{"level":"silly","message":{"data":null,"source":1},"module":"events","timestamp":"2026-08-05T17:10:03.851Z"}
{"level":"silly","message":"netPromise > phone:getMyProfile > RequestObj","module":"events","timestamp":"2026-08-05T17:10:03.852Z"}
{"level":"silly","message":{"data":null,"source":1},"module":"events","timestamp":"2026-08-05T17:10:03.852Z"}
{"level":"silly","message":"netPromise > npwd:fetchMessageGroups > RequestObj","module":"events","timestamp":"2026-08-05T17:10:03.855Z"}
{"level":"silly","message":{"data":null,"source":1},"module":"events","timestamp":"2026-08-05T17:10:03.855Z"}
{"level":"silly","message":"netPromise > npwd-contact-getAll > RequestObj","module":"events","timestamp":"2026-08-05T17:10:03.857Z"}
{"level":"silly","message":{"data":null,"source":1},"module":"events","timestamp":"2026-08-05T17:10:03.857Z"}
{"level":"info","message":"Executed query (\n        SELECT *\n        FROM npwd_twitter_profiles\n        WHERE identifier = ?\n        LIMIT 1\n\t\t [\"PFV2Q821\"]) in 11.6926ms'","module":"DBInterface","timestamp":"2026-08-05T17:10:03.863Z"}
{"level":"silly","message":"Response Promise Event npwd:getOrCreateTwitterProfile:f12e507e-9f3c-4635-b325-981da730f502 (12.7794ms), Data >>","module":"events","timestamp":"2026-08-05T17:10:03.864Z"}
{"level":"silly","message":{"data":{"avatar_url":"https://i.fivemanage.com/images/3ClWwmpwkFhL.png","createdAt":"2026-08-04T16:56:49.000Z","id":1,"identifier":"PFV2Q821","profile_name":"Admin_K","updatedAt":"2026-08-04T16:56:49.000Z"},"status":"ok"},"module":"events","timestamp":"2026-08-05T17:10:03.864Z"}
{"level":"info","message":"Executed query (\n        SELECT *,\n               UNIX_TIMESTAMP(updatedAt) AS lastActive\n        FROM npwd_match_profiles\n        WHERE identifier = ?\n        LIMIT 1\n\t\t [\"PFV2Q821\"]) in 44.36ms'","module":"DBInterface","timestamp":"2026-08-05T17:10:03.898Z"}
{"level":"silly","message":"Response Promise Event phone:getMyProfile:15de7704-6a8b-4ca6-ac5e-b0c5575b3f37 (47.0036ms), Data >>","module":"events","timestamp":"2026-08-05T17:10:03.899Z"}
{"level":"info","message":"Executed query (SELECT npwd_messages_conversations.id,\n                          npwd_messages_conversations.conversation_list         as conversationList,\n                          npwd_messages_participants.unread_count               as unreadCount,\n                          npwd_messages_conversations.is_group_chat             as isGroupChat,\n                          npwd_messages_conversations.label,\n                          UNIX_TIMESTAMP(npwd_messages_conversations.updatedAt) as updatedAt,\n                          npwd_messages_participants.participant\n                   FROM npwd_messages_conversations\n                            INNER JOIN npwd_messages_participants\n                                       on npwd_messages_conversations.id = npwd_messages_participants.conversation_id\n                   WHERE npwd_messages_participants.participant = ? [\"9185637251\"]) in 44.458ms'","module":"DBInterface","timestamp":"2026-08-05T17:10:03.900Z"}
{"level":"info","message":"Executed query (SELECT * FROM npwd_phone_contacts WHERE identifier = ? ORDER BY display ASC [\"PFV2Q821\"]) in 43.6219ms'","module":"DBInterface","timestamp":"2026-08-05T17:10:03.901Z"}
{"level":"silly","message":{"data":{"bio":"","createdAt":"2026-08-04T16:56:49.000Z","id":1,"identifier":"PFV2Q821","image":"https://upload.wikimedia.org/wikipedia/commons/a/ac/No_image_available.svg","job":"","lastActive":1785862609,"lastActiveFormatted":"Tue, 04 Aug 2026 16:56:49 GMT","location":"","name":"Admin K","tagList":[],"tags":"","updatedAt":"2026-08-04T16:56:49.000Z","viewed":false,"voiceMessage":null},"status":"ok"},"module":"events","timestamp":"2026-08-05T17:10:03.899Z"}
{"level":"silly","message":"Response Promise Event npwd:fetchMessageGroups:8cd0747c-4260-4a4f-95be-c8e0fd73af95 (45.1655ms), Data >>","module":"events","timestamp":"2026-08-05T17:10:03.900Z"}
{"level":"silly","message":{"data":[],"status":"ok"},"module":"events","timestamp":"2026-08-05T17:10:03.900Z"}
{"level":"silly","message":"Response Promise Event npwd-contact-getAll:9b32436d-0db8-4256-841f-36e5a8702e4e (44.1851ms), Data >>","module":"events","timestamp":"2026-08-05T17:10:03.901Z"}
{"level":"silly","message":{"data":[],"status":"ok"},"module":"events","timestamp":"2026-08-05T17:10:03.901Z"}
{"level":"info","message":"Executed query (SELECT id FROM npwd_marketplace_listings WHERE identifier = ? [\"PFV2Q821\"]) in 9.42ms'","module":"DBInterface","timestamp":"2026-08-05T17:10:32.032Z"}
{"level":"info","message":"Executed query (DELETE FROM npwd_marketplace_listings WHERE identifier = ? AND reported = 0 [\"PFV2Q821\"]) in 5.7087ms'","module":"DBInterface","timestamp":"2026-08-05T17:10:32.038Z"}
{"level":"info","message":"Unloaded NPWD Player, source: (1)","module":"player","timestamp":"2026-08-05T17:10:32.039Z"}
{"level":"debug","message":"Marketplace service started","module":"marketplace","timestamp":"2026-08-05T17:14:21.133Z"}
{"level":"debug","message":"Call service started","module":"calls","timestamp":"2026-08-05T17:14:21.134Z"}
{"level":"debug","message":"Player Service started","module":"player","timestamp":"2026-08-05T17:14:21.135Z"}
{"level":"info","message":"Loading QBX bridge....","timestamp":"2026-08-05T17:14:21.135Z"}
{"level":"info","message":"QBX bridge initialized","timestamp":"2026-08-05T17:14:21.135Z"}
{"level":"debug","message":"Boot service started","module":"boot","timestamp":"2026-08-05T17:14:21.135Z"}
{"level":"debug","message":"Messages service started","module":"messages","timestamp":"2026-08-05T17:14:21.135Z"}
{"level":"debug","message":"Notes service started","module":"notes","timestamp":"2026-08-05T17:14:21.136Z"}
{"level":"debug","message":"Contacts service started","module":"contact","timestamp":"2026-08-05T17:14:21.136Z"}
{"level":"debug","message":"Photo service started","module":"photo","timestamp":"2026-08-05T17:14:21.142Z"}
{"level":"debug","message":"Twitter service started","module":"twitter","timestamp":"2026-08-05T17:14:21.142Z"}
{"level":"debug","message":"Match service started","module":"match","timestamp":"2026-08-05T17:14:21.142Z"}
{"level":"debug","message":"Beginning database schema validation","module":"boot","timestamp":"2026-08-05T17:14:21.696Z"}
{"level":"info","message":"Successfully started","timestamp":"2026-08-05T17:14:21.713Z"}
{"level":"info","message":"Executed query (SELECT COUNT(*) as count\n                       FROM information_schema.tables\n                       WHERE table_schema = ?\n                         AND table_name = ? [\"Qbox_7217A1\",\"players\"]) in 75.0773ms'","module":"DBInterface","timestamp":"2026-08-05T17:14:21.771Z"}
{"level":"info","message":"Executed query (SHOW COLUMNS IN players []) in 16.3978ms'","module":"DBInterface","timestamp":"2026-08-05T17:14:21.788Z"}
{"level":"debug","message":"Database schema successfully validated","module":"boot","timestamp":"2026-08-05T17:14:21.788Z"}
{"level":"info","message":"New NPWD Player added through event (1) (PFV2Q821)","module":"player","timestamp":"2026-08-05T17:15:21.782Z"}
{"level":"debug","message":{"_firstname":"Admin","_identifier":"PFV2Q821","_lastname":"K","_phoneNumber":"9185637251","source":1,"username":"QuickOtter4576"},"module":"player","timestamp":"2026-08-05T17:15:21.782Z"}
{"level":"info","message":"New NPWD Player added through event (1) (PFV2Q821)","module":"player","timestamp":"2026-08-05T17:15:21.789Z"}
{"level":"debug","message":{"_firstname":"Admin","_identifier":"PFV2Q821","_lastname":"K","_phoneNumber":"9185637251","source":1,"username":"QuickOtter4576"},"module":"player","timestamp":"2026-08-05T17:15:21.790Z"}
{"level":"silly","message":"netPromise > npwd:fetchTweets > RequestObj","module":"events","timestamp":"2026-08-05T17:15:21.841Z"}
{"level":"silly","message":{"data":{"pageId":0},"source":1},"module":"events","timestamp":"2026-08-05T17:15:21.841Z"}
{"level":"info","message":"Executed query (\n        SELECT *\n        FROM npwd_twitter_profiles\n        WHERE identifier = ?\n        LIMIT 1\n\t\t [\"PFV2Q821\"]) in 8.0189ms'","module":"DBInterface","timestamp":"2026-08-05T17:15:21.850Z"}
{"level":"info","message":"Executed query (\n        SELECT \n  npwd_twitter_tweets.id,\n  npwd_twitter_tweets.identifier,\n  npwd_twitter_profiles.id AS profile_id,\n  npwd_twitter_profiles.profile_name,\n  npwd_twitter_profiles.avatar_url,\n  npwd_twitter_tweets.likes,\n  npwd_twitter_tweets.visible,\n  IFNULL(COALESCE(retweets.message, npwd_twitter_tweets.message), '') AS message,\n  IFNULL(COALESCE(retweets.images, npwd_twitter_tweets.images), '') AS images,\n  npwd_twitter_tweets.retweet IS NOT NULL AS isRetweet,\n  retweets.id AS retweetId,\n  retweets_profiles.profile_name AS retweetProfileName,\n  retweets_profiles.avatar_url AS retweetAvatarUrl,\n  npwd_twitter_likes.id IS NOT NULL AS isLiked,\n  npwd_twitter_reports.id IS NOT NULL AS isReported,\n  npwd_twitter_tweets.createdAt,\n  npwd_twitter_tweets.updatedAt,\n  TIME_TO_SEC(TIMEDIFF( NOW(), npwd_twitter_tweets.createdAt)) AS seconds_since_tweet\n\n        FROM npwd_twitter_tweets\n                 LEFT OUTER JOIN npwd_twitter_profiles\n                                 ON npwd_twitter_tweets.identifier = npwd_twitter_profiles.identifier\n                 LEFT OUTER JOIN npwd_twitter_likes ON npwd_twitter_tweets.id = npwd_twitter_likes.tweet_id AND\n                                                       npwd_twitter_likes.profile_id = ?\n                 LEFT OUTER JOIN npwd_twitter_reports ON npwd_twitter_tweets.id = npwd_twitter_reports.tweet_id AND\n                                                         npwd_twitter_reports.profile_id = ?\n                 LEFT OUTER JOIN npwd_twitter_tweets AS retweets ON retweets.id = npwd_twitter_tweets.retweet\n                 LEFT OUTER JOIN npwd_twitter_profiles AS retweets_profiles\n                                 ON retweets.identifier = retweets_profiles.identifier\n        WHERE npwd_twitter_tweets.visible = 1\n        ORDER BY id DESC\n        LIMIT ? OFFSET ?\n\t\t [1,1,\"25\",\"0\"]) in 50.1007ms'","module":"DBInterface","timestamp":"2026-08-05T17:15:21.901Z"}
{"level":"silly","message":"Response Promise Event npwd:fetchTweets:a34ee31c-189f-45b1-92a5-9be3427075a1 (62.0899ms), Data >>","module":"events","timestamp":"2026-08-05T17:15:21.903Z"}
{"level":"silly","message":{"data":[],"status":"ok"},"module":"events","timestamp":"2026-08-05T17:15:21.903Z"}
{"level":"silly","message":"netPromise > npwd:getOrCreateTwitterProfile > RequestObj","module":"events","timestamp":"2026-08-05T17:15:21.961Z"}
{"level":"silly","message":{"data":null,"source":1},"module":"events","timestamp":"2026-08-05T17:15:21.961Z"}
{"level":"silly","message":"netPromise > phone:getMyProfile > RequestObj","module":"events","timestamp":"2026-08-05T17:15:21.962Z"}
{"level":"silly","message":{"data":null,"source":1},"module":"events","timestamp":"2026-08-05T17:15:21.963Z"}
{"level":"silly","message":"netPromise > npwd:fetchMessageGroups > RequestObj","module":"events","timestamp":"2026-08-05T17:15:21.965Z"}
{"level":"silly","message":{"data":null,"source":1},"module":"events","timestamp":"2026-08-05T17:15:21.965Z"}
{"level":"silly","message":"netPromise > npwd-contact-getAll > RequestObj","module":"events","timestamp":"2026-08-05T17:15:21.967Z"}
{"level":"silly","message":{"data":null,"source":1},"module":"events","timestamp":"2026-08-05T17:15:21.967Z"}
{"level":"info","message":"Executed query (\n        SELECT *\n        FROM npwd_twitter_profiles\n        WHERE identifier = ?\n        LIMIT 1\n\t\t [\"PFV2Q821\"]) in 11.9687ms'","module":"DBInterface","timestamp":"2026-08-05T17:15:21.974Z"}
{"level":"silly","message":"Response Promise Event npwd:getOrCreateTwitterProfile:d73e1282-91c3-432a-b610-30ceede577ab (13.1675ms), Data >>","module":"events","timestamp":"2026-08-05T17:15:21.974Z"}
{"level":"silly","message":{"data":{"avatar_url":"https://i.fivemanage.com/images/3ClWwmpwkFhL.png","createdAt":"2026-08-04T16:56:49.000Z","id":1,"identifier":"PFV2Q821","profile_name":"Admin_K","updatedAt":"2026-08-04T16:56:49.000Z"},"status":"ok"},"module":"events","timestamp":"2026-08-05T17:15:21.975Z"}
{"level":"info","message":"Executed query (\n        SELECT *,\n               UNIX_TIMESTAMP(updatedAt) AS lastActive\n        FROM npwd_match_profiles\n        WHERE identifier = ?\n        LIMIT 1\n\t\t [\"PFV2Q821\"]) in 41.2833ms'","module":"DBInterface","timestamp":"2026-08-05T17:15:22.005Z"}
{"level":"silly","message":"Response Promise Event phone:getMyProfile:addb4e4a-08b3-4eb8-b451-c24458f287d8 (43.4302ms), Data >>","module":"events","timestamp":"2026-08-05T17:15:22.006Z"}
{"level":"info","message":"Executed query (SELECT npwd_messages_conversations.id,\n                          npwd_messages_conversations.conversation_list         as conversationList,\n                          npwd_messages_participants.unread_count               as unreadCount,\n                          npwd_messages_conversations.is_group_chat             as isGroupChat,\n                          npwd_messages_conversations.label,\n                          UNIX_TIMESTAMP(npwd_messages_conversations.updatedAt) as updatedAt,\n                          npwd_messages_participants.participant\n                   FROM npwd_messages_conversations\n                            INNER JOIN npwd_messages_participants\n                                       on npwd_messages_conversations.id = npwd_messages_participants.conversation_id\n                   WHERE npwd_messages_participants.participant = ? [\"9185637251\"]) in 41.3175ms'","module":"DBInterface","timestamp":"2026-08-05T17:15:22.007Z"}
{"level":"info","message":"Executed query (SELECT * FROM npwd_phone_contacts WHERE identifier = ? ORDER BY display ASC [\"PFV2Q821\"]) in 40.05ms'","module":"DBInterface","timestamp":"2026-08-05T17:15:22.008Z"}
{"level":"silly","message":{"data":{"bio":"","createdAt":"2026-08-04T16:56:49.000Z","id":1,"identifier":"PFV2Q821","image":"https://upload.wikimedia.org/wikipedia/commons/a/ac/No_image_available.svg","job":"","lastActive":1785862609,"lastActiveFormatted":"Tue, 04 Aug 2026 16:56:49 GMT","location":"","name":"Admin K","tagList":[],"tags":"","updatedAt":"2026-08-04T16:56:49.000Z","viewed":false,"voiceMessage":null},"status":"ok"},"module":"events","timestamp":"2026-08-05T17:15:22.006Z"}
{"level":"silly","message":"Response Promise Event npwd:fetchMessageGroups:d43db4cc-fc3e-4af8-a311-716a8623be77 (41.97ms), Data >>","module":"events","timestamp":"2026-08-05T17:15:22.007Z"}
{"level":"silly","message":{"data":[],"status":"ok"},"module":"events","timestamp":"2026-08-05T17:15:22.007Z"}
{"level":"silly","message":"Response Promise Event npwd-contact-getAll:2d910caa-b88c-4269-b8f0-aa56fb16b126 (40.9421ms), Data >>","module":"events","timestamp":"2026-08-05T17:15:22.008Z"}
{"level":"silly","message":{"data":[],"status":"ok"},"module":"events","timestamp":"2026-08-05T17:15:22.008Z"}
{"level":"info","message":"Executed query (SELECT id FROM npwd_marketplace_listings WHERE identifier = ? [\"PFV2Q821\"]) in 9.1785ms'","module":"DBInterface","timestamp":"2026-08-05T17:20:11.448Z"}
{"level":"info","message":"Executed query (DELETE FROM npwd_marketplace_listings WHERE identifier = ? AND reported = 0 [\"PFV2Q821\"]) in 23.4666ms'","module":"DBInterface","timestamp":"2026-08-05T17:20:11.472Z"}
{"level":"info","message":"Unloaded NPWD Player, source: (1)","module":"player","timestamp":"2026-08-05T17:20:11.472Z"}
{"level":"debug","message":"Marketplace service started","module":"marketplace","timestamp":"2026-08-05T17:20:24.768Z"}
{"level":"debug","message":"Call service started","module":"calls","timestamp":"2026-08-05T17:20:24.770Z"}
{"level":"debug","message":"Player Service started","module":"player","timestamp":"2026-08-05T17:20:24.770Z"}
{"level":"info","message":"Loading QBX bridge....","timestamp":"2026-08-05T17:20:24.770Z"}
{"level":"info","message":"QBX bridge initialized","timestamp":"2026-08-05T17:20:24.771Z"}
{"level":"debug","message":"Boot service started","module":"boot","timestamp":"2026-08-05T17:20:24.771Z"}
{"level":"debug","message":"Messages service started","module":"messages","timestamp":"2026-08-05T17:20:24.771Z"}
{"level":"debug","message":"Notes service started","module":"notes","timestamp":"2026-08-05T17:20:24.772Z"}
{"level":"debug","message":"Contacts service started","module":"contact","timestamp":"2026-08-05T17:20:24.772Z"}
{"level":"debug","message":"Photo service started","module":"photo","timestamp":"2026-08-05T17:20:24.778Z"}
{"level":"debug","message":"Twitter service started","module":"twitter","timestamp":"2026-08-05T17:20:24.778Z"}
{"level":"debug","message":"Match service started","module":"match","timestamp":"2026-08-05T17:20:24.779Z"}
{"level":"debug","message":"Beginning database schema validation","module":"boot","timestamp":"2026-08-05T17:20:25.468Z"}
{"level":"info","message":"Successfully started","timestamp":"2026-08-05T17:20:25.485Z"}
{"level":"info","message":"Executed query (SELECT COUNT(*) as count\n                       FROM information_schema.tables\n                       WHERE table_schema = ?\n                         AND table_name = ? [\"Qbox_7217A1\",\"players\"]) in 128.9794ms'","module":"DBInterface","timestamp":"2026-08-05T17:20:25.598Z"}
{"level":"info","message":"Executed query (SHOW COLUMNS IN players []) in 24.0773ms'","module":"DBInterface","timestamp":"2026-08-05T17:20:25.622Z"}
{"level":"debug","message":"Database schema successfully validated","module":"boot","timestamp":"2026-08-05T17:20:25.622Z"}
{"level":"info","message":"New NPWD Player added through event (1) (PFV2Q821)","module":"player","timestamp":"2026-08-05T17:21:22.444Z"}
{"level":"debug","message":{"_firstname":"Admin","_identifier":"PFV2Q821","_lastname":"K","_phoneNumber":"9185637251","source":1,"username":"QuickOtter4576"},"module":"player","timestamp":"2026-08-05T17:21:22.444Z"}
{"level":"info","message":"New NPWD Player added through event (1) (PFV2Q821)","module":"player","timestamp":"2026-08-05T17:21:22.448Z"}
{"level":"debug","message":{"_firstname":"Admin","_identifier":"PFV2Q821","_lastname":"K","_phoneNumber":"9185637251","source":1,"username":"QuickOtter4576"},"module":"player","timestamp":"2026-08-05T17:21:22.448Z"}
{"level":"silly","message":"netPromise > npwd:fetchTweets > RequestObj","module":"events","timestamp":"2026-08-05T17:21:22.502Z"}
{"level":"silly","message":{"data":{"pageId":0},"source":1},"module":"events","timestamp":"2026-08-05T17:21:22.502Z"}
{"level":"info","message":"Executed query (\n        SELECT *\n        FROM npwd_twitter_profiles\n        WHERE identifier = ?\n        LIMIT 1\n\t\t [\"PFV2Q821\"]) in 14.6895ms'","module":"DBInterface","timestamp":"2026-08-05T17:21:22.517Z"}
{"level":"info","message":"Executed query (\n        SELECT \n  npwd_twitter_tweets.id,\n  npwd_twitter_tweets.identifier,\n  npwd_twitter_profiles.id AS profile_id,\n  npwd_twitter_profiles.profile_name,\n  npwd_twitter_profiles.avatar_url,\n  npwd_twitter_tweets.likes,\n  npwd_twitter_tweets.visible,\n  IFNULL(COALESCE(retweets.message, npwd_twitter_tweets.message), '') AS message,\n  IFNULL(COALESCE(retweets.images, npwd_twitter_tweets.images), '') AS images,\n  npwd_twitter_tweets.retweet IS NOT NULL AS isRetweet,\n  retweets.id AS retweetId,\n  retweets_profiles.profile_name AS retweetProfileName,\n  retweets_profiles.avatar_url AS retweetAvatarUrl,\n  npwd_twitter_likes.id IS NOT NULL AS isLiked,\n  npwd_twitter_reports.id IS NOT NULL AS isReported,\n  npwd_twitter_tweets.createdAt,\n  npwd_twitter_tweets.updatedAt,\n  TIME_TO_SEC(TIMEDIFF( NOW(), npwd_twitter_tweets.createdAt)) AS seconds_since_tweet\n\n        FROM npwd_twitter_tweets\n                 LEFT OUTER JOIN npwd_twitter_profiles\n                                 ON npwd_twitter_tweets.identifier = npwd_twitter_profiles.identifier\n                 LEFT OUTER JOIN npwd_twitter_likes ON npwd_twitter_tweets.id = npwd_twitter_likes.tweet_id AND\n                                                       npwd_twitter_likes.profile_id = ?\n                 LEFT OUTER JOIN npwd_twitter_reports ON npwd_twitter_tweets.id = npwd_twitter_reports.tweet_id AND\n                                                         npwd_twitter_reports.profile_id = ?\n                 LEFT OUTER JOIN npwd_twitter_tweets AS retweets ON retweets.id = npwd_twitter_tweets.retweet\n                 LEFT OUTER JOIN npwd_twitter_profiles AS retweets_profiles\n                                 ON retweets.identifier = retweets_profiles.identifier\n        WHERE npwd_twitter_tweets.visible = 1\n        ORDER BY id DESC\n        LIMIT ? OFFSET ?\n\t\t [1,1,\"25\",\"0\"]) in 44.3699ms'","module":"DBInterface","timestamp":"2026-08-05T17:21:22.562Z"}
{"level":"silly","message":"Response Promise Event npwd:fetchTweets:a52e4830-7f86-408b-a09c-f4e8e544f1b9 (61.3261ms), Data >>","module":"events","timestamp":"2026-08-05T17:21:22.563Z"}
{"level":"silly","message":{"data":[],"status":"ok"},"module":"events","timestamp":"2026-08-05T17:21:22.563Z"}
{"level":"silly","message":"netPromise > npwd:getOrCreateTwitterProfile > RequestObj","module":"events","timestamp":"2026-08-05T17:21:22.624Z"}
{"level":"silly","message":{"data":null,"source":1},"module":"events","timestamp":"2026-08-05T17:21:22.625Z"}
{"level":"silly","message":"netPromise > phone:getMyProfile > RequestObj","module":"events","timestamp":"2026-08-05T17:21:22.626Z"}
{"level":"silly","message":{"data":null,"source":1},"module":"events","timestamp":"2026-08-05T17:21:22.626Z"}
{"level":"silly","message":"netPromise > npwd:fetchMessageGroups > RequestObj","module":"events","timestamp":"2026-08-05T17:21:22.630Z"}
{"level":"silly","message":{"data":null,"source":1},"module":"events","timestamp":"2026-08-05T17:21:22.630Z"}
{"level":"silly","message":"netPromise > npwd-contact-getAll > RequestObj","module":"events","timestamp":"2026-08-05T17:21:22.634Z"}
{"level":"silly","message":{"data":null,"source":1},"module":"events","timestamp":"2026-08-05T17:21:22.634Z"}
{"level":"info","message":"Executed query (\n        SELECT *\n        FROM npwd_twitter_profiles\n        WHERE identifier = ?\n        LIMIT 1\n\t\t [\"PFV2Q821\"]) in 15.7865ms'","module":"DBInterface","timestamp":"2026-08-05T17:21:22.641Z"}
{"level":"silly","message":"Response Promise Event npwd:getOrCreateTwitterProfile:28a95884-8f35-4405-956d-c54c3ee27746 (17.627ms), Data >>","module":"events","timestamp":"2026-08-05T17:21:22.642Z"}
{"level":"silly","message":{"data":{"avatar_url":"https://i.fivemanage.com/images/3ClWwmpwkFhL.png","createdAt":"2026-08-04T16:56:49.000Z","id":1,"identifier":"PFV2Q821","profile_name":"Admin_K","updatedAt":"2026-08-04T16:56:49.000Z"},"status":"ok"},"module":"events","timestamp":"2026-08-05T17:21:22.642Z"}
{"level":"info","message":"Executed query (\n        SELECT *,\n               UNIX_TIMESTAMP(updatedAt) AS lastActive\n        FROM npwd_match_profiles\n        WHERE identifier = ?\n        LIMIT 1\n\t\t [\"PFV2Q821\"]) in 62.2903ms'","module":"DBInterface","timestamp":"2026-08-05T17:21:22.689Z"}
{"level":"silly","message":"Response Promise Event phone:getMyProfile:be6794a0-e3b5-4629-a099-bf77f89e93d3 (63.9983ms), Data >>","module":"events","timestamp":"2026-08-05T17:21:22.690Z"}
{"level":"info","message":"Executed query (SELECT npwd_messages_conversations.id,\n                          npwd_messages_conversations.conversation_list         as conversationList,\n                          npwd_messages_participants.unread_count               as unreadCount,\n                          npwd_messages_conversations.is_group_chat             as isGroupChat,\n                          npwd_messages_conversations.label,\n                          UNIX_TIMESTAMP(npwd_messages_conversations.updatedAt) as updatedAt,\n                          npwd_messages_participants.participant\n                   FROM npwd_messages_conversations\n                            INNER JOIN npwd_messages_participants\n                                       on npwd_messages_conversations.id = npwd_messages_participants.conversation_id\n                   WHERE npwd_messages_participants.participant = ? [\"9185637251\"]) in 59.9496ms'","module":"DBInterface","timestamp":"2026-08-05T17:21:22.691Z"}
{"level":"info","message":"Executed query (SELECT * FROM npwd_phone_contacts WHERE identifier = ? ORDER BY display ASC [\"PFV2Q821\"]) in 57.4543ms'","module":"DBInterface","timestamp":"2026-08-05T17:21:22.692Z"}
{"level":"silly","message":{"data":{"bio":"","createdAt":"2026-08-04T16:56:49.000Z","id":1,"identifier":"PFV2Q821","image":"https://upload.wikimedia.org/wikipedia/commons/a/ac/No_image_available.svg","job":"","lastActive":1785862609,"lastActiveFormatted":"Tue, 04 Aug 2026 16:56:49 GMT","location":"","name":"Admin K","tagList":[],"tags":"","updatedAt":"2026-08-04T16:56:49.000Z","viewed":false,"voiceMessage":null},"status":"ok"},"module":"events","timestamp":"2026-08-05T17:21:22.690Z"}
{"level":"silly","message":"Response Promise Event npwd:fetchMessageGroups:849a202a-c80a-4650-b06d-98c8a5e6bfc8 (60.9685ms), Data >>","module":"events","timestamp":"2026-08-05T17:21:22.691Z"}
{"level":"silly","message":{"data":[],"status":"ok"},"module":"events","timestamp":"2026-08-05T17:21:22.691Z"}
{"level":"silly","message":"Response Promise Event npwd-contact-getAll:34218e97-521d-42fe-85fe-db22b85a839f (58.4376ms), Data >>","module":"events","timestamp":"2026-08-05T17:21:22.692Z"}
{"level":"silly","message":{"data":[],"status":"ok"},"module":"events","timestamp":"2026-08-05T17:21:22.692Z"}
{"level":"info","message":"Executed query (SELECT id FROM npwd_marketplace_listings WHERE identifier = ? [\"PFV2Q821\"]) in 11.848ms'","module":"DBInterface","timestamp":"2026-08-05T17:23:56.373Z"}
{"level":"info","message":"Executed query (DELETE FROM npwd_marketplace_listings WHERE identifier = ? AND reported = 0 [\"PFV2Q821\"]) in 7.8556ms'","module":"DBInterface","timestamp":"2026-08-05T17:23:56.381Z"}
{"level":"info","message":"Unloaded NPWD Player, source: (1)","module":"player","timestamp":"2026-08-05T17:23:56.381Z"}
{"level":"debug","message":"Marketplace service started","module":"marketplace","timestamp":"2026-08-05T17:27:02.737Z"}
{"level":"debug","message":"Call service started","module":"calls","timestamp":"2026-08-05T17:27:02.739Z"}
{"level":"debug","message":"Player Service started","module":"player","timestamp":"2026-08-05T17:27:02.739Z"}
{"level":"info","message":"Loading QBX bridge....","timestamp":"2026-08-05T17:27:02.739Z"}
{"level":"info","message":"QBX bridge initialized","timestamp":"2026-08-05T17:27:02.739Z"}
{"level":"debug","message":"Boot service started","module":"boot","timestamp":"2026-08-05T17:27:02.739Z"}
{"level":"debug","message":"Messages service started","module":"messages","timestamp":"2026-08-05T17:27:02.740Z"}
{"level":"debug","message":"Notes service started","module":"notes","timestamp":"2026-08-05T17:27:02.740Z"}
{"level":"debug","message":"Contacts service started","module":"contact","timestamp":"2026-08-05T17:27:02.740Z"}
{"level":"debug","message":"Photo service started","module":"photo","timestamp":"2026-08-05T17:27:02.746Z"}
{"level":"debug","message":"Twitter service started","module":"twitter","timestamp":"2026-08-05T17:27:02.746Z"}
{"level":"debug","message":"Match service started","module":"match","timestamp":"2026-08-05T17:27:02.746Z"}
{"level":"debug","message":"Beginning database schema validation","module":"boot","timestamp":"2026-08-05T17:27:03.317Z"}
{"level":"info","message":"Successfully started","timestamp":"2026-08-05T17:27:03.336Z"}
{"level":"info","message":"Executed query (SELECT COUNT(*) as count\n                       FROM information_schema.tables\n                       WHERE table_schema = ?\n                         AND table_name = ? [\"Qbox_7217A1\",\"players\"]) in 132.741ms'","module":"DBInterface","timestamp":"2026-08-05T17:27:03.450Z"}
{"level":"info","message":"Executed query (SHOW COLUMNS IN players []) in 42.0038ms'","module":"DBInterface","timestamp":"2026-08-05T17:27:03.493Z"}
{"level":"debug","message":"Database schema successfully validated","module":"boot","timestamp":"2026-08-05T17:27:03.493Z"}
{"level":"info","message":"New NPWD Player added through event (1) (PFV2Q821)","module":"player","timestamp":"2026-08-05T17:28:01.565Z"}
{"level":"debug","message":{"_firstname":"Admin","_identifier":"PFV2Q821","_lastname":"K","_phoneNumber":"9185637251","source":1,"username":"QuickOtter4576"},"module":"player","timestamp":"2026-08-05T17:28:01.565Z"}
{"level":"info","message":"New NPWD Player added through event (1) (PFV2Q821)","module":"player","timestamp":"2026-08-05T17:28:01.572Z"}
{"level":"debug","message":{"_firstname":"Admin","_identifier":"PFV2Q821","_lastname":"K","_phoneNumber":"9185637251","source":1,"username":"QuickOtter4576"},"module":"player","timestamp":"2026-08-05T17:28:01.572Z"}
{"level":"silly","message":"netPromise > npwd:fetchTweets > RequestObj","module":"events","timestamp":"2026-08-05T17:28:01.683Z"}
{"level":"silly","message":{"data":{"pageId":0},"source":1},"module":"events","timestamp":"2026-08-05T17:28:01.683Z"}
{"level":"info","message":"Executed query (\n        SELECT *\n        FROM npwd_twitter_profiles\n        WHERE identifier = ?\n        LIMIT 1\n\t\t [\"PFV2Q821\"]) in 10.0251ms'","module":"DBInterface","timestamp":"2026-08-05T17:28:01.694Z"}
{"level":"info","message":"Executed query (\n        SELECT \n  npwd_twitter_tweets.id,\n  npwd_twitter_tweets.identifier,\n  npwd_twitter_profiles.id AS profile_id,\n  npwd_twitter_profiles.profile_name,\n  npwd_twitter_profiles.avatar_url,\n  npwd_twitter_tweets.likes,\n  npwd_twitter_tweets.visible,\n  IFNULL(COALESCE(retweets.message, npwd_twitter_tweets.message), '') AS message,\n  IFNULL(COALESCE(retweets.images, npwd_twitter_tweets.images), '') AS images,\n  npwd_twitter_tweets.retweet IS NOT NULL AS isRetweet,\n  retweets.id AS retweetId,\n  retweets_profiles.profile_name AS retweetProfileName,\n  retweets_profiles.avatar_url AS retweetAvatarUrl,\n  npwd_twitter_likes.id IS NOT NULL AS isLiked,\n  npwd_twitter_reports.id IS NOT NULL AS isReported,\n  npwd_twitter_tweets.createdAt,\n  npwd_twitter_tweets.updatedAt,\n  TIME_TO_SEC(TIMEDIFF( NOW(), npwd_twitter_tweets.createdAt)) AS seconds_since_tweet\n\n        FROM npwd_twitter_tweets\n                 LEFT OUTER JOIN npwd_twitter_profiles\n                                 ON npwd_twitter_tweets.identifier = npwd_twitter_profiles.identifier\n                 LEFT OUTER JOIN npwd_twitter_likes ON npwd_twitter_tweets.id = npwd_twitter_likes.tweet_id AND\n                                                       npwd_twitter_likes.profile_id = ?\n                 LEFT OUTER JOIN npwd_twitter_reports ON npwd_twitter_tweets.id = npwd_twitter_reports.tweet_id AND\n                                                         npwd_twitter_reports.profile_id = ?\n                 LEFT OUTER JOIN npwd_twitter_tweets AS retweets ON retweets.id = npwd_twitter_tweets.retweet\n                 LEFT OUTER JOIN npwd_twitter_profiles AS retweets_profiles\n                                 ON retweets.identifier = retweets_profiles.identifier\n        WHERE npwd_twitter_tweets.visible = 1\n        ORDER BY id DESC\n        LIMIT ? OFFSET ?\n\t\t [1,1,\"25\",\"0\"]) in 37.5098ms'","module":"DBInterface","timestamp":"2026-08-05T17:28:01.732Z"}
{"level":"silly","message":"Response Promise Event npwd:fetchTweets:0e23464e-883a-4a4c-8eed-22291f9d3b36 (50.056ms), Data >>","module":"events","timestamp":"2026-08-05T17:28:01.733Z"}
{"level":"silly","message":{"data":[],"status":"ok"},"module":"events","timestamp":"2026-08-05T17:28:01.733Z"}
{"level":"silly","message":"netPromise > npwd:getOrCreateTwitterProfile > RequestObj","module":"events","timestamp":"2026-08-05T17:28:01.794Z"}
{"level":"silly","message":{"data":null,"source":1},"module":"events","timestamp":"2026-08-05T17:28:01.794Z"}
{"level":"silly","message":"netPromise > phone:getMyProfile > RequestObj","module":"events","timestamp":"2026-08-05T17:28:01.794Z"}
{"level":"silly","message":{"data":null,"source":1},"module":"events","timestamp":"2026-08-05T17:28:01.795Z"}
{"level":"silly","message":"netPromise > npwd:fetchMessageGroups > RequestObj","module":"events","timestamp":"2026-08-05T17:28:01.797Z"}
{"level":"silly","message":{"data":null,"source":1},"module":"events","timestamp":"2026-08-05T17:28:01.797Z"}
{"level":"silly","message":"netPromise > npwd-contact-getAll > RequestObj","module":"events","timestamp":"2026-08-05T17:28:01.799Z"}
{"level":"silly","message":{"data":null,"source":1},"module":"events","timestamp":"2026-08-05T17:28:01.800Z"}
{"level":"info","message":"Executed query (\n        SELECT *\n        FROM npwd_twitter_profiles\n        WHERE identifier = ?\n        LIMIT 1\n\t\t [\"PFV2Q821\"]) in 13.0532ms'","module":"DBInterface","timestamp":"2026-08-05T17:28:01.807Z"}
{"level":"silly","message":"Response Promise Event npwd:getOrCreateTwitterProfile:3129dac0-34ab-453f-ae20-2c371c539bd8 (13.9501ms), Data >>","module":"events","timestamp":"2026-08-05T17:28:01.808Z"}
{"level":"silly","message":{"data":{"avatar_url":"https://i.fivemanage.com/images/3ClWwmpwkFhL.png","createdAt":"2026-08-04T16:56:49.000Z","id":1,"identifier":"PFV2Q821","profile_name":"Admin_K","updatedAt":"2026-08-04T16:56:49.000Z"},"status":"ok"},"module":"events","timestamp":"2026-08-05T17:28:01.808Z"}
{"level":"info","message":"Executed query (\n        SELECT *,\n               UNIX_TIMESTAMP(updatedAt) AS lastActive\n        FROM npwd_match_profiles\n        WHERE identifier = ?\n        LIMIT 1\n\t\t [\"PFV2Q821\"]) in 47.4229ms'","module":"DBInterface","timestamp":"2026-08-05T17:28:01.843Z"}
{"level":"silly","message":"Response Promise Event phone:getMyProfile:e10009a1-c232-407b-9d62-676f6f0ec10e (49.4876ms), Data >>","module":"events","timestamp":"2026-08-05T17:28:01.844Z"}
{"level":"info","message":"Executed query (SELECT npwd_messages_conversations.id,\n                          npwd_messages_conversations.conversation_list         as conversationList,\n                          npwd_messages_participants.unread_count               as unreadCount,\n                          npwd_messages_conversations.is_group_chat             as isGroupChat,\n                          npwd_messages_conversations.label,\n                          UNIX_TIMESTAMP(npwd_messages_conversations.updatedAt) as updatedAt,\n                          npwd_messages_participants.participant\n                   FROM npwd_messages_conversations\n                            INNER JOIN npwd_messages_participants\n                                       on npwd_messages_conversations.id = npwd_messages_participants.conversation_id\n                   WHERE npwd_messages_participants.participant = ? [\"9185637251\"]) in 47.8084ms'","module":"DBInterface","timestamp":"2026-08-05T17:28:01.845Z"}
{"level":"info","message":"Executed query (SELECT * FROM npwd_phone_contacts WHERE identifier = ? ORDER BY display ASC [\"PFV2Q821\"]) in 46.8571ms'","module":"DBInterface","timestamp":"2026-08-05T17:28:01.847Z"}
{"level":"silly","message":{"data":{"bio":"","createdAt":"2026-08-04T16:56:49.000Z","id":1,"identifier":"PFV2Q821","image":"https://upload.wikimedia.org/wikipedia/commons/a/ac/No_image_available.svg","job":"","lastActive":1785862609,"lastActiveFormatted":"Tue, 04 Aug 2026 16:56:49 GMT","location":"","name":"Admin K","tagList":[],"tags":"","updatedAt":"2026-08-04T16:56:49.000Z","viewed":false,"voiceMessage":null},"status":"ok"},"module":"events","timestamp":"2026-08-05T17:28:01.844Z"}
{"level":"silly","message":"Response Promise Event npwd:fetchMessageGroups:58e16132-2945-4f59-a1c5-75bb122de37b (48.9845ms), Data >>","module":"events","timestamp":"2026-08-05T17:28:01.846Z"}
{"level":"silly","message":{"data":[],"status":"ok"},"module":"events","timestamp":"2026-08-05T17:28:01.846Z"}
{"level":"silly","message":"Response Promise Event npwd-contact-getAll:09585dca-07d6-41e6-97ce-18157b7cbe8b (48.0742ms), Data >>","module":"events","timestamp":"2026-08-05T17:28:01.847Z"}
{"level":"silly","message":{"data":[],"status":"ok"},"module":"events","timestamp":"2026-08-05T17:28:01.847Z"}
{"level":"info","message":"Executed query (SELECT id FROM npwd_marketplace_listings WHERE identifier = ? [\"PFV2Q821\"]) in 34.9954ms'","module":"DBInterface","timestamp":"2026-08-05T17:34:19.633Z"}
{"level":"info","message":"Unloaded NPWD Player, source: (1)","module":"player","timestamp":"2026-08-05T17:34:19.637Z"}
{"level":"info","message":"Executed query (DELETE FROM npwd_marketplace_listings WHERE identifier = ? AND reported = 0 [\"PFV2Q821\"]) in 2.672ms'","module":"DBInterface","timestamp":"2026-08-05T17:34:19.636Z"}
{"level":"debug","message":"Marketplace service started","module":"marketplace","timestamp":"2026-08-05T17:34:28.040Z"}
{"level":"debug","message":"Call service started","module":"calls","timestamp":"2026-08-05T17:34:28.042Z"}
{"level":"debug","message":"Player Service started","module":"player","timestamp":"2026-08-05T17:34:28.042Z"}
{"level":"info","message":"Loading QBX bridge....","timestamp":"2026-08-05T17:34:28.043Z"}
{"level":"info","message":"QBX bridge initialized","timestamp":"2026-08-05T17:34:28.043Z"}
{"level":"debug","message":"Boot service started","module":"boot","timestamp":"2026-08-05T17:34:28.043Z"}
{"level":"debug","message":"Messages service started","module":"messages","timestamp":"2026-08-05T17:34:28.044Z"}
{"level":"debug","message":"Notes service started","module":"notes","timestamp":"2026-08-05T17:34:28.044Z"}
{"level":"debug","message":"Contacts service started","module":"contact","timestamp":"2026-08-05T17:34:28.044Z"}
{"level":"debug","message":"Photo service started","module":"photo","timestamp":"2026-08-05T17:34:28.051Z"}
{"level":"debug","message":"Twitter service started","module":"twitter","timestamp":"2026-08-05T17:34:28.052Z"}
{"level":"debug","message":"Match service started","module":"match","timestamp":"2026-08-05T17:34:28.052Z"}
{"level":"debug","message":"Beginning database schema validation","module":"boot","timestamp":"2026-08-05T17:34:29.166Z"}
{"level":"info","message":"Successfully started","timestamp":"2026-08-05T17:34:29.196Z"}
{"level":"info","message":"Executed query (SELECT COUNT(*) as count\n                       FROM information_schema.tables\n                       WHERE table_schema = ?\n                         AND table_name = ? [\"Qbox_7217A1\",\"players\"]) in 196.7243ms'","module":"DBInterface","timestamp":"2026-08-05T17:34:29.364Z"}
{"level":"info","message":"Executed query (SHOW COLUMNS IN players []) in 39.6186ms'","module":"DBInterface","timestamp":"2026-08-05T17:34:29.409Z"}
{"level":"debug","message":"Database schema successfully validated","module":"boot","timestamp":"2026-08-05T17:34:29.409Z"}
{"level":"info","message":"New NPWD Player added through event (1) (PFV2Q821)","module":"player","timestamp":"2026-08-05T17:35:26.627Z"}
{"level":"debug","message":{"_firstname":"Admin","_identifier":"PFV2Q821","_lastname":"K","_phoneNumber":"9185637251","source":1,"username":"QuickOtter4576"},"module":"player","timestamp":"2026-08-05T17:35:26.627Z"}
{"level":"info","message":"New NPWD Player added through event (1) (PFV2Q821)","module":"player","timestamp":"2026-08-05T17:35:26.634Z"}
{"level":"debug","message":{"_firstname":"Admin","_identifier":"PFV2Q821","_lastname":"K","_phoneNumber":"9185637251","source":1,"username":"QuickOtter4576"},"module":"player","timestamp":"2026-08-05T17:35:26.634Z"}
{"level":"silly","message":"netPromise > npwd:fetchTweets > RequestObj","module":"events","timestamp":"2026-08-05T17:35:26.685Z"}
{"level":"silly","message":{"data":{"pageId":0},"source":1},"module":"events","timestamp":"2026-08-05T17:35:26.686Z"}
{"level":"info","message":"Executed query (\n        SELECT *\n        FROM npwd_twitter_profiles\n        WHERE identifier = ?\n        LIMIT 1\n\t\t [\"PFV2Q821\"]) in 14.3788ms'","module":"DBInterface","timestamp":"2026-08-05T17:35:26.701Z"}
{"level":"info","message":"Executed query (\n        SELECT \n  npwd_twitter_tweets.id,\n  npwd_twitter_tweets.identifier,\n  npwd_twitter_profiles.id AS profile_id,\n  npwd_twitter_profiles.profile_name,\n  npwd_twitter_profiles.avatar_url,\n  npwd_twitter_tweets.likes,\n  npwd_twitter_tweets.visible,\n  IFNULL(COALESCE(retweets.message, npwd_twitter_tweets.message), '') AS message,\n  IFNULL(COALESCE(retweets.images, npwd_twitter_tweets.images), '') AS images,\n  npwd_twitter_tweets.retweet IS NOT NULL AS isRetweet,\n  retweets.id AS retweetId,\n  retweets_profiles.profile_name AS retweetProfileName,\n  retweets_profiles.avatar_url AS retweetAvatarUrl,\n  npwd_twitter_likes.id IS NOT NULL AS isLiked,\n  npwd_twitter_reports.id IS NOT NULL AS isReported,\n  npwd_twitter_tweets.createdAt,\n  npwd_twitter_tweets.updatedAt,\n  TIME_TO_SEC(TIMEDIFF( NOW(), npwd_twitter_tweets.createdAt)) AS seconds_since_tweet\n\n        FROM npwd_twitter_tweets\n                 LEFT OUTER JOIN npwd_twitter_profiles\n                                 ON npwd_twitter_tweets.identifier = npwd_twitter_profiles.identifier\n                 LEFT OUTER JOIN npwd_twitter_likes ON npwd_twitter_tweets.id = npwd_twitter_likes.tweet_id AND\n                                                       npwd_twitter_likes.profile_id = ?\n                 LEFT OUTER JOIN npwd_twitter_reports ON npwd_twitter_tweets.id = npwd_twitter_reports.tweet_id AND\n                                                         npwd_twitter_reports.profile_id = ?\n                 LEFT OUTER JOIN npwd_twitter_tweets AS retweets ON retweets.id = npwd_twitter_tweets.retweet\n                 LEFT OUTER JOIN npwd_twitter_profiles AS retweets_profiles\n                                 ON retweets.identifier = retweets_profiles.identifier\n        WHERE npwd_twitter_tweets.visible = 1\n        ORDER BY id DESC\n        LIMIT ? OFFSET ?\n\t\t [1,1,\"25\",\"0\"]) in 46.1756ms'","module":"DBInterface","timestamp":"2026-08-05T17:35:26.748Z"}
{"level":"silly","message":"Response Promise Event npwd:fetchTweets:e5cdd50f-117d-4462-ba71-278244cf433a (64.0379ms), Data >>","module":"events","timestamp":"2026-08-05T17:35:26.749Z"}
{"level":"silly","message":{"data":[],"status":"ok"},"module":"events","timestamp":"2026-08-05T17:35:26.749Z"}
{"level":"silly","message":"netPromise > npwd:getOrCreateTwitterProfile > RequestObj","module":"events","timestamp":"2026-08-05T17:35:26.809Z"}
{"level":"silly","message":{"data":null,"source":1},"module":"events","timestamp":"2026-08-05T17:35:26.809Z"}
{"level":"silly","message":"netPromise > phone:getMyProfile > RequestObj","module":"events","timestamp":"2026-08-05T17:35:26.809Z"}
{"level":"silly","message":{"data":null,"source":1},"module":"events","timestamp":"2026-08-05T17:35:26.809Z"}
{"level":"silly","message":"netPromise > npwd:fetchMessageGroups > RequestObj","module":"events","timestamp":"2026-08-05T17:35:26.811Z"}
{"level":"silly","message":{"data":null,"source":1},"module":"events","timestamp":"2026-08-05T17:35:26.811Z"}
{"level":"silly","message":"netPromise > npwd-contact-getAll > RequestObj","module":"events","timestamp":"2026-08-05T17:35:26.814Z"}
{"level":"silly","message":{"data":null,"source":1},"module":"events","timestamp":"2026-08-05T17:35:26.814Z"}
{"level":"info","message":"Executed query (\n        SELECT *\n        FROM npwd_twitter_profiles\n        WHERE identifier = ?\n        LIMIT 1\n\t\t [\"PFV2Q821\"]) in 12.5058ms'","module":"DBInterface","timestamp":"2026-08-05T17:35:26.822Z"}
{"level":"silly","message":"Response Promise Event npwd:getOrCreateTwitterProfile:60a9ba80-f091-482e-a801-ccbc53873068 (14.6896ms), Data >>","module":"events","timestamp":"2026-08-05T17:35:26.824Z"}
{"level":"silly","message":{"data":{"avatar_url":"https://i.fivemanage.com/images/3ClWwmpwkFhL.png","createdAt":"2026-08-04T16:56:49.000Z","id":1,"identifier":"PFV2Q821","profile_name":"Admin_K","updatedAt":"2026-08-04T16:56:49.000Z"},"status":"ok"},"module":"events","timestamp":"2026-08-05T17:35:26.824Z"}
{"level":"info","message":"Executed query (SELECT npwd_messages_conversations.id,\n                          npwd_messages_conversations.conversation_list         as conversationList,\n                          npwd_messages_participants.unread_count               as unreadCount,\n                          npwd_messages_conversations.is_group_chat             as isGroupChat,\n                          npwd_messages_conversations.label,\n                          UNIX_TIMESTAMP(npwd_messages_conversations.updatedAt) as updatedAt,\n                          npwd_messages_participants.participant\n                   FROM npwd_messages_conversations\n                            INNER JOIN npwd_messages_participants\n                                       on npwd_messages_conversations.id = npwd_messages_participants.conversation_id\n                   WHERE npwd_messages_participants.participant = ? [\"9185637251\"]) in 49.5048ms'","module":"DBInterface","timestamp":"2026-08-05T17:35:26.861Z"}
{"level":"silly","message":"Response Promise Event npwd:fetchMessageGroups:44f45a65-de75-4e98-9823-f930c1c655f2 (50.2773ms), Data >>","module":"events","timestamp":"2026-08-05T17:35:26.861Z"}
{"level":"info","message":"Executed query (SELECT * FROM npwd_phone_contacts WHERE identifier = ? ORDER BY display ASC [\"PFV2Q821\"]) in 49.1033ms'","module":"DBInterface","timestamp":"2026-08-05T17:35:26.863Z"}
{"level":"info","message":"Executed query (\n        SELECT *,\n               UNIX_TIMESTAMP(updatedAt) AS lastActive\n        FROM npwd_match_profiles\n        WHERE identifier = ?\n        LIMIT 1\n\t\t [\"PFV2Q821\"]) in 60.2244ms'","module":"DBInterface","timestamp":"2026-08-05T17:35:26.870Z"}
{"level":"silly","message":{"data":[],"status":"ok"},"module":"events","timestamp":"2026-08-05T17:35:26.863Z"}
{"level":"silly","message":"Response Promise Event npwd-contact-getAll:7fce3467-0218-4fc8-b081-73239df970bd (49.8768ms), Data >>","module":"events","timestamp":"2026-08-05T17:35:26.864Z"}
{"level":"silly","message":{"data":[],"status":"ok"},"module":"events","timestamp":"2026-08-05T17:35:26.864Z"}
{"level":"silly","message":"Response Promise Event phone:getMyProfile:92313d04-22b6-444a-85a7-b4d00b7652e5 (61.5623ms), Data >>","module":"events","timestamp":"2026-08-05T17:35:26.871Z"}
{"level":"silly","message":{"data":{"bio":"","createdAt":"2026-08-04T16:56:49.000Z","id":1,"identifier":"PFV2Q821","image":"https://upload.wikimedia.org/wikipedia/commons/a/ac/No_image_available.svg","job":"","lastActive":1785862609,"lastActiveFormatted":"Tue, 04 Aug 2026 16:56:49 GMT","location":"","name":"Admin K","tagList":[],"tags":"","updatedAt":"2026-08-04T16:56:49.000Z","viewed":false,"voiceMessage":null},"status":"ok"},"module":"events","timestamp":"2026-08-05T17:35:26.871Z"}
{"level":"info","message":"Executed query (SELECT id FROM npwd_marketplace_listings WHERE identifier = ? [\"PFV2Q821\"]) in 11.8764ms'","module":"DBInterface","timestamp":"2026-08-05T17:39:11.866Z"}
{"level":"info","message":"Executed query (DELETE FROM npwd_marketplace_listings WHERE identifier = ? AND reported = 0 [\"PFV2Q821\"]) in 1.7513ms'","module":"DBInterface","timestamp":"2026-08-05T17:39:11.868Z"}
{"level":"info","message":"Unloaded NPWD Player, source: (1)","module":"player","timestamp":"2026-08-05T17:39:11.868Z"}
{"level":"debug","message":"Marketplace service started","module":"marketplace","timestamp":"2026-08-05T17:39:20.730Z"}
{"level":"debug","message":"Call service started","module":"calls","timestamp":"2026-08-05T17:39:20.733Z"}
{"level":"debug","message":"Player Service started","module":"player","timestamp":"2026-08-05T17:39:20.733Z"}
{"level":"info","message":"Loading QBX bridge....","timestamp":"2026-08-05T17:39:20.734Z"}
{"level":"info","message":"QBX bridge initialized","timestamp":"2026-08-05T17:39:20.734Z"}
{"level":"debug","message":"Boot service started","module":"boot","timestamp":"2026-08-05T17:39:20.735Z"}
{"level":"debug","message":"Messages service started","module":"messages","timestamp":"2026-08-05T17:39:20.735Z"}
{"level":"debug","message":"Notes service started","module":"notes","timestamp":"2026-08-05T17:39:20.735Z"}
{"level":"debug","message":"Contacts service started","module":"contact","timestamp":"2026-08-05T17:39:20.735Z"}
{"level":"debug","message":"Photo service started","module":"photo","timestamp":"2026-08-05T17:39:20.747Z"}
{"level":"debug","message":"Twitter service started","module":"twitter","timestamp":"2026-08-05T17:39:20.747Z"}
{"level":"debug","message":"Match service started","module":"match","timestamp":"2026-08-05T17:39:20.748Z"}
{"level":"debug","message":"Beginning database schema validation","module":"boot","timestamp":"2026-08-05T17:39:21.646Z"}
{"level":"info","message":"Successfully started","timestamp":"2026-08-05T17:39:21.663Z"}
{"level":"info","message":"Executed query (SELECT COUNT(*) as count\n                       FROM information_schema.tables\n                       WHERE table_schema = ?\n                         AND table_name = ? [\"Qbox_7217A1\",\"players\"]) in 131.6023ms'","module":"DBInterface","timestamp":"2026-08-05T17:39:21.778Z"}
{"level":"info","message":"Executed query (SHOW COLUMNS IN players []) in 32.7011ms'","module":"DBInterface","timestamp":"2026-08-05T17:39:21.811Z"}
{"level":"debug","message":"Database schema successfully validated","module":"boot","timestamp":"2026-08-05T17:39:21.811Z"}
{"level":"info","message":"New NPWD Player added through event (1) (PFV2Q821)","module":"player","timestamp":"2026-08-05T17:40:21.001Z"}
{"level":"debug","message":{"_firstname":"Admin","_identifier":"PFV2Q821","_lastname":"K","_phoneNumber":"9185637251","source":1,"username":"QuickOtter4576"},"module":"player","timestamp":"2026-08-05T17:40:21.001Z"}
{"level":"info","message":"New NPWD Player added through event (1) (PFV2Q821)","module":"player","timestamp":"2026-08-05T17:40:21.005Z"}
{"level":"debug","message":{"_firstname":"Admin","_identifier":"PFV2Q821","_lastname":"K","_phoneNumber":"9185637251","source":1,"username":"QuickOtter4576"},"module":"player","timestamp":"2026-08-05T17:40:21.005Z"}
{"level":"silly","message":"netPromise > npwd:fetchTweets > RequestObj","module":"events","timestamp":"2026-08-05T17:40:21.055Z"}
{"level":"silly","message":{"data":{"pageId":0},"source":1},"module":"events","timestamp":"2026-08-05T17:40:21.056Z"}
{"level":"info","message":"Executed query (\n        SELECT *\n        FROM npwd_twitter_profiles\n        WHERE identifier = ?\n        LIMIT 1\n\t\t [\"PFV2Q821\"]) in 15.8981ms'","module":"DBInterface","timestamp":"2026-08-05T17:40:21.073Z"}
{"level":"info","message":"Executed query (\n        SELECT \n  npwd_twitter_tweets.id,\n  npwd_twitter_tweets.identifier,\n  npwd_twitter_profiles.id AS profile_id,\n  npwd_twitter_profiles.profile_name,\n  npwd_twitter_profiles.avatar_url,\n  npwd_twitter_tweets.likes,\n  npwd_twitter_tweets.visible,\n  IFNULL(COALESCE(retweets.message, npwd_twitter_tweets.message), '') AS message,\n  IFNULL(COALESCE(retweets.images, npwd_twitter_tweets.images), '') AS images,\n  npwd_twitter_tweets.retweet IS NOT NULL AS isRetweet,\n  retweets.id AS retweetId,\n  retweets_profiles.profile_name AS retweetProfileName,\n  retweets_profiles.avatar_url AS retweetAvatarUrl,\n  npwd_twitter_likes.id IS NOT NULL AS isLiked,\n  npwd_twitter_reports.id IS NOT NULL AS isReported,\n  npwd_twitter_tweets.createdAt,\n  npwd_twitter_tweets.updatedAt,\n  TIME_TO_SEC(TIMEDIFF( NOW(), npwd_twitter_tweets.createdAt)) AS seconds_since_tweet\n\n        FROM npwd_twitter_tweets\n                 LEFT OUTER JOIN npwd_twitter_profiles\n                                 ON npwd_twitter_tweets.identifier = npwd_twitter_profiles.identifier\n                 LEFT OUTER JOIN npwd_twitter_likes ON npwd_twitter_tweets.id = npwd_twitter_likes.tweet_id AND\n                                                       npwd_twitter_likes.profile_id = ?\n                 LEFT OUTER JOIN npwd_twitter_reports ON npwd_twitter_tweets.id = npwd_twitter_reports.tweet_id AND\n                                                         npwd_twitter_reports.profile_id = ?\n                 LEFT OUTER JOIN npwd_twitter_tweets AS retweets ON retweets.id = npwd_twitter_tweets.retweet\n                 LEFT OUTER JOIN npwd_twitter_profiles AS retweets_profiles\n                                 ON retweets.identifier = retweets_profiles.identifier\n        WHERE npwd_twitter_tweets.visible = 1\n        ORDER BY id DESC\n        LIMIT ? OFFSET ?\n\t\t [1,1,\"25\",\"0\"]) in 46.3935ms'","module":"DBInterface","timestamp":"2026-08-05T17:40:21.119Z"}
{"level":"silly","message":"Response Promise Event npwd:fetchTweets:127368a7-200c-463a-b267-2d9825c60bd1 (65.1484ms), Data >>","module":"events","timestamp":"2026-08-05T17:40:21.120Z"}
{"level":"silly","message":{"data":[],"status":"ok"},"module":"events","timestamp":"2026-08-05T17:40:21.120Z"}
{"level":"silly","message":"netPromise > npwd:getOrCreateTwitterProfile > RequestObj","module":"events","timestamp":"2026-08-05T17:40:21.181Z"}
{"level":"silly","message":{"data":null,"source":1},"module":"events","timestamp":"2026-08-05T17:40:21.181Z"}
{"level":"silly","message":"netPromise > phone:getMyProfile > RequestObj","module":"events","timestamp":"2026-08-05T17:40:21.181Z"}
{"level":"silly","message":{"data":null,"source":1},"module":"events","timestamp":"2026-08-05T17:40:21.181Z"}
{"level":"silly","message":"netPromise > npwd:fetchMessageGroups > RequestObj","module":"events","timestamp":"2026-08-05T17:40:21.183Z"}
{"level":"silly","message":{"data":null,"source":1},"module":"events","timestamp":"2026-08-05T17:40:21.183Z"}
{"level":"silly","message":"netPromise > npwd-contact-getAll > RequestObj","module":"events","timestamp":"2026-08-05T17:40:21.185Z"}
{"level":"silly","message":{"data":null,"source":1},"module":"events","timestamp":"2026-08-05T17:40:21.185Z"}
{"level":"info","message":"Executed query (\n        SELECT *\n        FROM npwd_twitter_profiles\n        WHERE identifier = ?\n        LIMIT 1\n\t\t [\"PFV2Q821\"]) in 10.6414ms'","module":"DBInterface","timestamp":"2026-08-05T17:40:21.192Z"}
{"level":"silly","message":"Response Promise Event npwd:getOrCreateTwitterProfile:49d73088-b6ec-4a02-93dd-09d819f3d0ea (11.6154ms), Data >>","module":"events","timestamp":"2026-08-05T17:40:21.192Z"}
{"level":"silly","message":{"data":{"avatar_url":"https://i.fivemanage.com/images/3ClWwmpwkFhL.png","createdAt":"2026-08-04T16:56:49.000Z","id":1,"identifier":"PFV2Q821","profile_name":"Admin_K","updatedAt":"2026-08-04T16:56:49.000Z"},"status":"ok"},"module":"events","timestamp":"2026-08-05T17:40:21.193Z"}
{"level":"info","message":"Executed query (SELECT npwd_messages_conversations.id,\n                          npwd_messages_conversations.conversation_list         as conversationList,\n                          npwd_messages_participants.unread_count               as unreadCount,\n                          npwd_messages_conversations.is_group_chat             as isGroupChat,\n                          npwd_messages_conversations.label,\n                          UNIX_TIMESTAMP(npwd_messages_conversations.updatedAt) as updatedAt,\n                          npwd_messages_participants.participant\n                   FROM npwd_messages_conversations\n                            INNER JOIN npwd_messages_participants\n                                       on npwd_messages_conversations.id = npwd_messages_participants.conversation_id\n                   WHERE npwd_messages_participants.participant = ? [\"9185637251\"]) in 45.1675ms'","module":"DBInterface","timestamp":"2026-08-05T17:40:21.229Z"}
{"level":"silly","message":"Response Promise Event npwd:fetchMessageGroups:96d89dd4-9224-4466-b194-190e3f30ffd4 (46.0275ms), Data >>","module":"events","timestamp":"2026-08-05T17:40:21.229Z"}
{"level":"info","message":"Executed query (\n        SELECT *,\n               UNIX_TIMESTAMP(updatedAt) AS lastActive\n        FROM npwd_match_profiles\n        WHERE identifier = ?\n        LIMIT 1\n\t\t [\"PFV2Q821\"]) in 61.4959ms'","module":"DBInterface","timestamp":"2026-08-05T17:40:21.243Z"}
{"level":"info","message":"Executed query (SELECT * FROM npwd_phone_contacts WHERE identifier = ? ORDER BY display ASC [\"PFV2Q821\"]) in 60.2904ms'","module":"DBInterface","timestamp":"2026-08-05T17:40:21.246Z"}
{"level":"silly","message":{"data":[],"status":"ok"},"module":"events","timestamp":"2026-08-05T17:40:21.230Z"}
{"level":"silly","message":"Response Promise Event phone:getMyProfile:48ebb56f-0cfc-4eff-aa5a-2c7c8cfb7053 (63.354ms), Data >>","module":"events","timestamp":"2026-08-05T17:40:21.245Z"}
{"level":"silly","message":{"data":{"bio":"","createdAt":"2026-08-04T16:56:49.000Z","id":1,"identifier":"PFV2Q821","image":"https://upload.wikimedia.org/wikipedia/commons/a/ac/No_image_available.svg","job":"","lastActive":1785862609,"lastActiveFormatted":"Tue, 04 Aug 2026 16:56:49 GMT","location":"","name":"Admin K","tagList":[],"tags":"","updatedAt":"2026-08-04T16:56:49.000Z","viewed":false,"voiceMessage":null},"status":"ok"},"module":"events","timestamp":"2026-08-05T17:40:21.245Z"}
{"level":"silly","message":"Response Promise Event npwd-contact-getAll:bdedce3c-2d89-41d0-96d5-a0f0a7c1c469 (60.9249ms), Data >>","module":"events","timestamp":"2026-08-05T17:40:21.246Z"}
{"level":"silly","message":{"data":[],"status":"ok"},"module":"events","timestamp":"2026-08-05T17:40:21.247Z"}
{"level":"info","message":"Executed query (SELECT id FROM npwd_marketplace_listings WHERE identifier = ? [\"PFV2Q821\"]) in 16.1624ms'","module":"DBInterface","timestamp":"2026-08-05T17:47:01.668Z"}
{"level":"info","message":"Executed query (DELETE FROM npwd_marketplace_listings WHERE identifier = ? AND reported = 0 [\"PFV2Q821\"]) in 14.6868ms'","module":"DBInterface","timestamp":"2026-08-05T17:47:01.683Z"}
{"level":"info","message":"Unloaded NPWD Player, source: (1)","module":"player","timestamp":"2026-08-05T17:47:01.684Z"}
{"level":"debug","message":"Marketplace service started","module":"marketplace","timestamp":"2026-08-05T17:47:10.617Z"}
{"level":"debug","message":"Call service started","module":"calls","timestamp":"2026-08-05T17:47:10.620Z"}
{"level":"debug","message":"Player Service started","module":"player","timestamp":"2026-08-05T17:47:10.620Z"}
{"level":"info","message":"Loading QBX bridge....","timestamp":"2026-08-05T17:47:10.620Z"}
{"level":"info","message":"QBX bridge initialized","timestamp":"2026-08-05T17:47:10.621Z"}
{"level":"debug","message":"Boot service started","module":"boot","timestamp":"2026-08-05T17:47:10.621Z"}
{"level":"debug","message":"Messages service started","module":"messages","timestamp":"2026-08-05T17:47:10.622Z"}
{"level":"debug","message":"Notes service started","module":"notes","timestamp":"2026-08-05T17:47:10.622Z"}
{"level":"debug","message":"Contacts service started","module":"contact","timestamp":"2026-08-05T17:47:10.623Z"}
{"level":"debug","message":"Photo service started","module":"photo","timestamp":"2026-08-05T17:47:10.634Z"}
{"level":"debug","message":"Twitter service started","module":"twitter","timestamp":"2026-08-05T17:47:10.634Z"}
{"level":"debug","message":"Match service started","module":"match","timestamp":"2026-08-05T17:47:10.635Z"}
{"level":"debug","message":"Beginning database schema validation","module":"boot","timestamp":"2026-08-05T17:47:11.572Z"}
{"level":"info","message":"Successfully started","timestamp":"2026-08-05T17:47:11.591Z"}
{"level":"info","message":"Executed query (SELECT COUNT(*) as count\n                       FROM information_schema.tables\n                       WHERE table_schema = ?\n                         AND table_name = ? [\"Qbox_7217A1\",\"players\"]) in 144.7368ms'","module":"DBInterface","timestamp":"2026-08-05T17:47:11.718Z"}
{"level":"info","message":"Executed query (SHOW COLUMNS IN players []) in 34.479ms'","module":"DBInterface","timestamp":"2026-08-05T17:47:11.753Z"}
{"level":"debug","message":"Database schema successfully validated","module":"boot","timestamp":"2026-08-05T17:47:11.753Z"}
{"level":"info","message":"New NPWD Player added through event (1) (PFV2Q821)","module":"player","timestamp":"2026-08-05T17:48:33.893Z"}
{"level":"debug","message":{"_firstname":"Admin","_identifier":"PFV2Q821","_lastname":"K","_phoneNumber":"9185637251","source":1,"username":"QuickOtter4576"},"module":"player","timestamp":"2026-08-05T17:48:33.893Z"}
{"level":"info","message":"New NPWD Player added through event (1) (PFV2Q821)","module":"player","timestamp":"2026-08-05T17:48:33.900Z"}
{"level":"debug","message":{"_firstname":"Admin","_identifier":"PFV2Q821","_lastname":"K","_phoneNumber":"9185637251","source":1,"username":"QuickOtter4576"},"module":"player","timestamp":"2026-08-05T17:48:33.901Z"}
{"level":"silly","message":"netPromise > npwd:fetchTweets > RequestObj","module":"events","timestamp":"2026-08-05T17:48:33.952Z"}
{"level":"silly","message":{"data":{"pageId":0},"source":1},"module":"events","timestamp":"2026-08-05T17:48:33.952Z"}
{"level":"info","message":"Executed query (\n        SELECT *\n        FROM npwd_twitter_profiles\n        WHERE identifier = ?\n        LIMIT 1\n\t\t [\"PFV2Q821\"]) in 14.7575ms'","module":"DBInterface","timestamp":"2026-08-05T17:48:33.968Z"}
{"level":"info","message":"Executed query (\n        SELECT \n  npwd_twitter_tweets.id,\n  npwd_twitter_tweets.identifier,\n  npwd_twitter_profiles.id AS profile_id,\n  npwd_twitter_profiles.profile_name,\n  npwd_twitter_profiles.avatar_url,\n  npwd_twitter_tweets.likes,\n  npwd_twitter_tweets.visible,\n  IFNULL(COALESCE(retweets.message, npwd_twitter_tweets.message), '') AS message,\n  IFNULL(COALESCE(retweets.images, npwd_twitter_tweets.images), '') AS images,\n  npwd_twitter_tweets.retweet IS NOT NULL AS isRetweet,\n  retweets.id AS retweetId,\n  retweets_profiles.profile_name AS retweetProfileName,\n  retweets_profiles.avatar_url AS retweetAvatarUrl,\n  npwd_twitter_likes.id IS NOT NULL AS isLiked,\n  npwd_twitter_reports.id IS NOT NULL AS isReported,\n  npwd_twitter_tweets.createdAt,\n  npwd_twitter_tweets.updatedAt,\n  TIME_TO_SEC(TIMEDIFF( NOW(), npwd_twitter_tweets.createdAt)) AS seconds_since_tweet\n\n        FROM npwd_twitter_tweets\n                 LEFT OUTER JOIN npwd_twitter_profiles\n                                 ON npwd_twitter_tweets.identifier = npwd_twitter_profiles.identifier\n                 LEFT OUTER JOIN npwd_twitter_likes ON npwd_twitter_tweets.id = npwd_twitter_likes.tweet_id AND\n                                                       npwd_twitter_likes.profile_id = ?\n                 LEFT OUTER JOIN npwd_twitter_reports ON npwd_twitter_tweets.id = npwd_twitter_reports.tweet_id AND\n                                                         npwd_twitter_reports.profile_id = ?\n                 LEFT OUTER JOIN npwd_twitter_tweets AS retweets ON retweets.id = npwd_twitter_tweets.retweet\n                 LEFT OUTER JOIN npwd_twitter_profiles AS retweets_profiles\n                                 ON retweets.identifier = retweets_profiles.identifier\n        WHERE npwd_twitter_tweets.visible = 1\n        ORDER BY id DESC\n        LIMIT ? OFFSET ?\n\t\t [1,1,\"25\",\"0\"]) in 47.2771ms'","module":"DBInterface","timestamp":"2026-08-05T17:48:34.016Z"}
{"level":"silly","message":"Response Promise Event npwd:fetchTweets:8c0888df-6767-4bb0-9c7f-2fc472753265 (64.2136ms), Data >>","module":"events","timestamp":"2026-08-05T17:48:34.016Z"}
{"level":"silly","message":{"data":[],"status":"ok"},"module":"events","timestamp":"2026-08-05T17:48:34.016Z"}
{"level":"silly","message":"netPromise > npwd:getOrCreateTwitterProfile > RequestObj","module":"events","timestamp":"2026-08-05T17:48:34.075Z"}
{"level":"silly","message":{"data":null,"source":1},"module":"events","timestamp":"2026-08-05T17:48:34.075Z"}
{"level":"silly","message":"netPromise > phone:getMyProfile > RequestObj","module":"events","timestamp":"2026-08-05T17:48:34.075Z"}
{"level":"silly","message":{"data":null,"source":1},"module":"events","timestamp":"2026-08-05T17:48:34.076Z"}
{"level":"silly","message":"netPromise > npwd:fetchMessageGroups > RequestObj","module":"events","timestamp":"2026-08-05T17:48:34.082Z"}
{"level":"silly","message":{"data":null,"source":1},"module":"events","timestamp":"2026-08-05T17:48:34.082Z"}
{"level":"silly","message":"netPromise > npwd-contact-getAll > RequestObj","module":"events","timestamp":"2026-08-05T17:48:34.084Z"}
{"level":"silly","message":{"data":null,"source":1},"module":"events","timestamp":"2026-08-05T17:48:34.084Z"}
{"level":"info","message":"Executed query (\n        SELECT *\n        FROM npwd_twitter_profiles\n        WHERE identifier = ?\n        LIMIT 1\n\t\t [\"PFV2Q821\"]) in 14.0369ms'","module":"DBInterface","timestamp":"2026-08-05T17:48:34.089Z"}
{"level":"silly","message":"Response Promise Event npwd:getOrCreateTwitterProfile:b59730d3-6156-47c8-8915-619431416e22 (14.8777ms), Data >>","module":"events","timestamp":"2026-08-05T17:48:34.090Z"}
{"level":"silly","message":{"data":{"avatar_url":"https://i.fivemanage.com/images/3ClWwmpwkFhL.png","createdAt":"2026-08-04T16:56:49.000Z","id":1,"identifier":"PFV2Q821","profile_name":"Admin_K","updatedAt":"2026-08-04T16:56:49.000Z"},"status":"ok"},"module":"events","timestamp":"2026-08-05T17:48:34.090Z"}
{"level":"info","message":"Executed query (SELECT * FROM npwd_phone_contacts WHERE identifier = ? ORDER BY display ASC [\"PFV2Q821\"]) in 40.0322ms'","module":"DBInterface","timestamp":"2026-08-05T17:48:34.124Z"}
{"level":"silly","message":"Response Promise Event npwd-contact-getAll:7d1901ab-c827-44a2-abc6-ade44e2a914a (40.7254ms), Data >>","module":"events","timestamp":"2026-08-05T17:48:34.125Z"}
{"level":"info","message":"Executed query (\n        SELECT *,\n               UNIX_TIMESTAMP(updatedAt) AS lastActive\n        FROM npwd_match_profiles\n        WHERE identifier = ?\n        LIMIT 1\n\t\t [\"PFV2Q821\"]) in 59.6574ms'","module":"DBInterface","timestamp":"2026-08-05T17:48:34.136Z"}
{"level":"info","message":"Executed query (SELECT npwd_messages_conversations.id,\n                          npwd_messages_conversations.conversation_list         as conversationList,\n                          npwd_messages_participants.unread_count               as unreadCount,\n                          npwd_messages_conversations.is_group_chat             as isGroupChat,\n                          npwd_messages_conversations.label,\n                          UNIX_TIMESTAMP(npwd_messages_conversations.updatedAt) as updatedAt,\n                          npwd_messages_participants.participant\n                   FROM npwd_messages_conversations\n                            INNER JOIN npwd_messages_participants\n                                       on npwd_messages_conversations.id = npwd_messages_participants.conversation_id\n                   WHERE npwd_messages_participants.participant = ? [\"9185637251\"]) in 56.4765ms'","module":"DBInterface","timestamp":"2026-08-05T17:48:34.139Z"}
{"level":"silly","message":{"data":[],"status":"ok"},"module":"events","timestamp":"2026-08-05T17:48:34.125Z"}
{"level":"silly","message":"Response Promise Event phone:getMyProfile:471f77cf-1cec-4b41-a7b8-cf123baef18f (61.9229ms), Data >>","module":"events","timestamp":"2026-08-05T17:48:34.138Z"}
{"level":"silly","message":{"data":{"bio":"","createdAt":"2026-08-04T16:56:49.000Z","id":1,"identifier":"PFV2Q821","image":"https://upload.wikimedia.org/wikipedia/commons/a/ac/No_image_available.svg","job":"","lastActive":1785862609,"lastActiveFormatted":"Tue, 04 Aug 2026 16:56:49 GMT","location":"","name":"Admin K","tagList":[],"tags":"","updatedAt":"2026-08-04T16:56:49.000Z","viewed":false,"voiceMessage":null},"status":"ok"},"module":"events","timestamp":"2026-08-05T17:48:34.138Z"}
{"level":"silly","message":"Response Promise Event npwd:fetchMessageGroups:6cf394fd-8aee-45bc-9ab7-fe9488f27054 (58.3421ms), Data >>","module":"events","timestamp":"2026-08-05T17:48:34.139Z"}
{"level":"silly","message":{"data":[],"status":"ok"},"module":"events","timestamp":"2026-08-05T17:48:34.139Z"}
{"level":"info","message":"Executed query (SELECT id FROM npwd_marketplace_listings WHERE identifier = ? [\"PFV2Q821\"]) in 7.9603ms'","module":"DBInterface","timestamp":"2026-08-05T17:55:12.233Z"}
{"level":"info","message":"Executed query (DELETE FROM npwd_marketplace_listings WHERE identifier = ? AND reported = 0 [\"PFV2Q821\"]) in 7.6923ms'","module":"DBInterface","timestamp":"2026-08-05T17:55:12.241Z"}
{"level":"info","message":"Unloaded NPWD Player, source: (1)","module":"player","timestamp":"2026-08-05T17:55:12.241Z"}
{"level":"debug","message":"Marketplace service started","module":"marketplace","timestamp":"2026-08-06T13:16:38.320Z"}
{"level":"debug","message":"Call service started","module":"calls","timestamp":"2026-08-06T13:16:38.322Z"}
{"level":"debug","message":"Player Service started","module":"player","timestamp":"2026-08-06T13:16:38.322Z"}
{"level":"info","message":"Loading QBX bridge....","timestamp":"2026-08-06T13:16:38.322Z"}
{"level":"info","message":"QBX bridge initialized","timestamp":"2026-08-06T13:16:38.322Z"}
{"level":"debug","message":"Boot service started","module":"boot","timestamp":"2026-08-06T13:16:38.322Z"}
{"level":"debug","message":"Messages service started","module":"messages","timestamp":"2026-08-06T13:16:38.323Z"}
{"level":"debug","message":"Notes service started","module":"notes","timestamp":"2026-08-06T13:16:38.323Z"}
{"level":"debug","message":"Contacts service started","module":"contact","timestamp":"2026-08-06T13:16:38.323Z"}
{"level":"debug","message":"Photo service started","module":"photo","timestamp":"2026-08-06T13:16:38.329Z"}
{"level":"debug","message":"Twitter service started","module":"twitter","timestamp":"2026-08-06T13:16:38.330Z"}
{"level":"debug","message":"Match service started","module":"match","timestamp":"2026-08-06T13:16:38.330Z"}
{"level":"debug","message":"Beginning database schema validation","module":"boot","timestamp":"2026-08-06T13:16:38.902Z"}
{"level":"info","message":"Successfully started","timestamp":"2026-08-06T13:16:38.911Z"}
{"level":"info","message":"Executed query (SELECT COUNT(*) as count\n                       FROM information_schema.tables\n                       WHERE table_schema = ?\n                         AND table_name = ? [\"Qbox_7217A1\",\"players\"]) in 63.4841ms'","module":"DBInterface","timestamp":"2026-08-06T13:16:38.965Z"}
{"level":"info","message":"Executed query (SHOW COLUMNS IN players []) in 14.8293ms'","module":"DBInterface","timestamp":"2026-08-06T13:16:38.980Z"}
{"level":"debug","message":"Database schema successfully validated","module":"boot","timestamp":"2026-08-06T13:16:38.981Z"}
{"level":"info","message":"New NPWD Player added through event (1) (PFV2Q821)","module":"player","timestamp":"2026-08-06T13:18:06.225Z"}
{"level":"debug","message":{"_firstname":"Admin","_identifier":"PFV2Q821","_lastname":"K","_phoneNumber":"9185637251","source":1,"username":"QuickOtter4576"},"module":"player","timestamp":"2026-08-06T13:18:06.225Z"}
{"level":"info","message":"New NPWD Player added through event (1) (PFV2Q821)","module":"player","timestamp":"2026-08-06T13:18:06.231Z"}
{"level":"debug","message":{"_firstname":"Admin","_identifier":"PFV2Q821","_lastname":"K","_phoneNumber":"9185637251","source":1,"username":"QuickOtter4576"},"module":"player","timestamp":"2026-08-06T13:18:06.231Z"}
{"level":"silly","message":"netPromise > npwd:fetchTweets > RequestObj","module":"events","timestamp":"2026-08-06T13:18:06.269Z"}
{"level":"silly","message":{"data":{"pageId":0},"source":1},"module":"events","timestamp":"2026-08-06T13:18:06.269Z"}
{"level":"info","message":"Executed query (\n        SELECT *\n        FROM npwd_twitter_profiles\n        WHERE identifier = ?\n        LIMIT 1\n\t\t [\"PFV2Q821\"]) in 15.5453ms'","module":"DBInterface","timestamp":"2026-08-06T13:18:06.286Z"}
{"level":"info","message":"Executed query (\n        SELECT \n  npwd_twitter_tweets.id,\n  npwd_twitter_tweets.identifier,\n  npwd_twitter_profiles.id AS profile_id,\n  npwd_twitter_profiles.profile_name,\n  npwd_twitter_profiles.avatar_url,\n  npwd_twitter_tweets.likes,\n  npwd_twitter_tweets.visible,\n  IFNULL(COALESCE(retweets.message, npwd_twitter_tweets.message), '') AS message,\n  IFNULL(COALESCE(retweets.images, npwd_twitter_tweets.images), '') AS images,\n  npwd_twitter_tweets.retweet IS NOT NULL AS isRetweet,\n  retweets.id AS retweetId,\n  retweets_profiles.profile_name AS retweetProfileName,\n  retweets_profiles.avatar_url AS retweetAvatarUrl,\n  npwd_twitter_likes.id IS NOT NULL AS isLiked,\n  npwd_twitter_reports.id IS NOT NULL AS isReported,\n  npwd_twitter_tweets.createdAt,\n  npwd_twitter_tweets.updatedAt,\n  TIME_TO_SEC(TIMEDIFF( NOW(), npwd_twitter_tweets.createdAt)) AS seconds_since_tweet\n\n        FROM npwd_twitter_tweets\n                 LEFT OUTER JOIN npwd_twitter_profiles\n                                 ON npwd_twitter_tweets.identifier = npwd_twitter_profiles.identifier\n                 LEFT OUTER JOIN npwd_twitter_likes ON npwd_twitter_tweets.id = npwd_twitter_likes.tweet_id AND\n                                                       npwd_twitter_likes.profile_id = ?\n                 LEFT OUTER JOIN npwd_twitter_reports ON npwd_twitter_tweets.id = npwd_twitter_reports.tweet_id AND\n                                                         npwd_twitter_reports.profile_id = ?\n                 LEFT OUTER JOIN npwd_twitter_tweets AS retweets ON retweets.id = npwd_twitter_tweets.retweet\n                 LEFT OUTER JOIN npwd_twitter_profiles AS retweets_profiles\n                                 ON retweets.identifier = retweets_profiles.identifier\n        WHERE npwd_twitter_tweets.visible = 1\n        ORDER BY id DESC\n        LIMIT ? OFFSET ?\n\t\t [1,1,\"25\",\"0\"]) in 31.3443ms'","module":"DBInterface","timestamp":"2026-08-06T13:18:06.317Z"}
{"level":"silly","message":"Response Promise Event npwd:fetchTweets:5cf65781-896d-454b-8c99-2ac973ae85f1 (49.0116ms), Data >>","module":"events","timestamp":"2026-08-06T13:18:06.318Z"}
{"level":"silly","message":{"data":[],"status":"ok"},"module":"events","timestamp":"2026-08-06T13:18:06.318Z"}
{"level":"silly","message":"netPromise > npwd:getOrCreateTwitterProfile > RequestObj","module":"events","timestamp":"2026-08-06T13:18:06.394Z"}
{"level":"silly","message":{"data":null,"source":1},"module":"events","timestamp":"2026-08-06T13:18:06.394Z"}
{"level":"silly","message":"netPromise > phone:getMyProfile > RequestObj","module":"events","timestamp":"2026-08-06T13:18:06.395Z"}
{"level":"silly","message":{"data":null,"source":1},"module":"events","timestamp":"2026-08-06T13:18:06.395Z"}
{"level":"silly","message":"netPromise > npwd:fetchMessageGroups > RequestObj","module":"events","timestamp":"2026-08-06T13:18:06.397Z"}
{"level":"silly","message":{"data":null,"source":1},"module":"events","timestamp":"2026-08-06T13:18:06.397Z"}
{"level":"silly","message":"netPromise > npwd-contact-getAll > RequestObj","module":"events","timestamp":"2026-08-06T13:18:06.398Z"}
{"level":"silly","message":{"data":null,"source":1},"module":"events","timestamp":"2026-08-06T13:18:06.398Z"}
{"level":"info","message":"Executed query (\n        SELECT *\n        FROM npwd_twitter_profiles\n        WHERE identifier = ?\n        LIMIT 1\n\t\t [\"PFV2Q821\"]) in 10.2343ms'","module":"DBInterface","timestamp":"2026-08-06T13:18:06.405Z"}
{"level":"silly","message":"Response Promise Event npwd:getOrCreateTwitterProfile:36cd4b87-0334-439e-8386-adedbee84e8d (11.2141ms), Data >>","module":"events","timestamp":"2026-08-06T13:18:06.406Z"}
{"level":"silly","message":{"data":{"avatar_url":"https://i.fivemanage.com/images/3ClWwmpwkFhL.png","createdAt":"2026-08-04T16:56:49.000Z","id":1,"identifier":"PFV2Q821","profile_name":"Admin_K","updatedAt":"2026-08-04T16:56:49.000Z"},"status":"ok"},"module":"events","timestamp":"2026-08-06T13:18:06.406Z"}
{"level":"info","message":"Executed query (\n        SELECT *,\n               UNIX_TIMESTAMP(updatedAt) AS lastActive\n        FROM npwd_match_profiles\n        WHERE identifier = ?\n        LIMIT 1\n\t\t [\"PFV2Q821\"]) in 47.3269ms'","module":"DBInterface","timestamp":"2026-08-06T13:18:06.443Z"}
{"level":"silly","message":"Response Promise Event phone:getMyProfile:3427cde5-1d8b-48a3-b646-997b4dbd52b4 (48.7613ms), Data >>","module":"events","timestamp":"2026-08-06T13:18:06.444Z"}
{"level":"info","message":"Executed query (SELECT npwd_messages_conversations.id,\n                          npwd_messages_conversations.conversation_list         as conversationList,\n                          npwd_messages_participants.unread_count               as unreadCount,\n                          npwd_messages_conversations.is_group_chat             as isGroupChat,\n                          npwd_messages_conversations.label,\n                          UNIX_TIMESTAMP(npwd_messages_conversations.updatedAt) as updatedAt,\n                          npwd_messages_participants.participant\n                   FROM npwd_messages_conversations\n                            INNER JOIN npwd_messages_participants\n                                       on npwd_messages_conversations.id = npwd_messages_participants.conversation_id\n                   WHERE npwd_messages_participants.participant = ? [\"9185637251\"]) in 47.3717ms'","module":"DBInterface","timestamp":"2026-08-06T13:18:06.445Z"}
{"level":"info","message":"Executed query (SELECT * FROM npwd_phone_contacts WHERE identifier = ? ORDER BY display ASC [\"PFV2Q821\"]) in 58.2762ms'","module":"DBInterface","timestamp":"2026-08-06T13:18:06.457Z"}
{"level":"silly","message":{"data":{"bio":"","createdAt":"2026-08-04T16:56:49.000Z","id":1,"identifier":"PFV2Q821","image":"https://upload.wikimedia.org/wikipedia/commons/a/ac/No_image_available.svg","job":"","lastActive":1785862609,"lastActiveFormatted":"Tue, 04 Aug 2026 16:56:49 GMT","location":"","name":"Admin K","tagList":[],"tags":"","updatedAt":"2026-08-04T16:56:49.000Z","viewed":false,"voiceMessage":null},"status":"ok"},"module":"events","timestamp":"2026-08-06T13:18:06.444Z"}
{"level":"silly","message":"Response Promise Event npwd:fetchMessageGroups:d6f324c6-4b5e-444b-b5a5-a5953898bf83 (48.1115ms), Data >>","module":"events","timestamp":"2026-08-06T13:18:06.445Z"}
{"level":"silly","message":{"data":[],"status":"ok"},"module":"events","timestamp":"2026-08-06T13:18:06.445Z"}
{"level":"silly","message":"Response Promise Event npwd-contact-getAll:5d14d7bf-2aeb-4a58-a380-f079927aa29d (58.9444ms), Data >>","module":"events","timestamp":"2026-08-06T13:18:06.462Z"}
{"level":"silly","message":{"data":[],"status":"ok"},"module":"events","timestamp":"2026-08-06T13:18:06.463Z"}
{"level":"info","message":"Executed query (SELECT id FROM npwd_marketplace_listings WHERE identifier = ? [\"PFV2Q821\"]) in 57.5265ms'","module":"DBInterface","timestamp":"2026-08-06T14:57:31.191Z"}
{"level":"debug","message":"Marketplace service started","module":"marketplace","timestamp":"2026-08-06T15:22:25.653Z"}
{"level":"debug","message":"Call service started","module":"calls","timestamp":"2026-08-06T15:22:25.656Z"}
{"level":"debug","message":"Player Service started","module":"player","timestamp":"2026-08-06T15:22:25.656Z"}
{"level":"info","message":"Loading QBX bridge....","timestamp":"2026-08-06T15:22:25.657Z"}
{"level":"info","message":"QBX bridge initialized","timestamp":"2026-08-06T15:22:25.657Z"}
{"level":"debug","message":"Boot service started","module":"boot","timestamp":"2026-08-06T15:22:25.658Z"}
{"level":"debug","message":"Messages service started","module":"messages","timestamp":"2026-08-06T15:22:25.658Z"}
{"level":"debug","message":"Notes service started","module":"notes","timestamp":"2026-08-06T15:22:25.659Z"}
{"level":"debug","message":"Contacts service started","module":"contact","timestamp":"2026-08-06T15:22:25.659Z"}
{"level":"debug","message":"Photo service started","module":"photo","timestamp":"2026-08-06T15:22:25.670Z"}
{"level":"debug","message":"Twitter service started","module":"twitter","timestamp":"2026-08-06T15:22:25.670Z"}
{"level":"debug","message":"Match service started","module":"match","timestamp":"2026-08-06T15:22:25.671Z"}
{"level":"debug","message":"Beginning database schema validation","module":"boot","timestamp":"2026-08-06T15:22:26.717Z"}
{"level":"info","message":"Successfully started","timestamp":"2026-08-06T15:22:26.738Z"}
{"level":"info","message":"Executed query (SELECT COUNT(*) as count\n                       FROM information_schema.tables\n                       WHERE table_schema = ?\n                         AND table_name = ? [\"Qbox_7217A1\",\"players\"]) in 173.8458ms'","module":"DBInterface","timestamp":"2026-08-06T15:22:26.892Z"}
{"level":"info","message":"Executed query (SHOW COLUMNS IN players []) in 33.0109ms'","module":"DBInterface","timestamp":"2026-08-06T15:22:26.926Z"}
{"level":"debug","message":"Database schema successfully validated","module":"boot","timestamp":"2026-08-06T15:22:26.926Z"}
{"level":"info","message":"New NPWD Player added through event (1) (PFV2Q821)","module":"player","timestamp":"2026-08-06T15:32:58.992Z"}
{"level":"debug","message":{"_firstname":"Admin","_identifier":"PFV2Q821","_lastname":"K","_phoneNumber":"9185637251","source":1,"username":"QuickOtter4576"},"module":"player","timestamp":"2026-08-06T15:32:58.992Z"}
{"level":"info","message":"New NPWD Player added through event (1) (PFV2Q821)","module":"player","timestamp":"2026-08-06T15:32:58.996Z"}
{"level":"debug","message":{"_firstname":"Admin","_identifier":"PFV2Q821","_lastname":"K","_phoneNumber":"9185637251","source":1,"username":"QuickOtter4576"},"module":"player","timestamp":"2026-08-06T15:32:58.996Z"}
{"level":"silly","message":"netPromise > npwd:fetchTweets > RequestObj","module":"events","timestamp":"2026-08-06T15:32:59.111Z"}
{"level":"silly","message":{"data":{"pageId":0},"source":1},"module":"events","timestamp":"2026-08-06T15:32:59.111Z"}
{"level":"info","message":"Executed query (\n        SELECT *\n        FROM npwd_twitter_profiles\n        WHERE identifier = ?\n        LIMIT 1\n\t\t [\"PFV2Q821\"]) in 15.2084ms'","module":"DBInterface","timestamp":"2026-08-06T15:32:59.127Z"}
{"level":"info","message":"Executed query (\n        SELECT \n  npwd_twitter_tweets.id,\n  npwd_twitter_tweets.identifier,\n  npwd_twitter_profiles.id AS profile_id,\n  npwd_twitter_profiles.profile_name,\n  npwd_twitter_profiles.avatar_url,\n  npwd_twitter_tweets.likes,\n  npwd_twitter_tweets.visible,\n  IFNULL(COALESCE(retweets.message, npwd_twitter_tweets.message), '') AS message,\n  IFNULL(COALESCE(retweets.images, npwd_twitter_tweets.images), '') AS images,\n  npwd_twitter_tweets.retweet IS NOT NULL AS isRetweet,\n  retweets.id AS retweetId,\n  retweets_profiles.profile_name AS retweetProfileName,\n  retweets_profiles.avatar_url AS retweetAvatarUrl,\n  npwd_twitter_likes.id IS NOT NULL AS isLiked,\n  npwd_twitter_reports.id IS NOT NULL AS isReported,\n  npwd_twitter_tweets.createdAt,\n  npwd_twitter_tweets.updatedAt,\n  TIME_TO_SEC(TIMEDIFF( NOW(), npwd_twitter_tweets.createdAt)) AS seconds_since_tweet\n\n        FROM npwd_twitter_tweets\n                 LEFT OUTER JOIN npwd_twitter_profiles\n                                 ON npwd_twitter_tweets.identifier = npwd_twitter_profiles.identifier\n                 LEFT OUTER JOIN npwd_twitter_likes ON npwd_twitter_tweets.id = npwd_twitter_likes.tweet_id AND\n                                                       npwd_twitter_likes.profile_id = ?\n                 LEFT OUTER JOIN npwd_twitter_reports ON npwd_twitter_tweets.id = npwd_twitter_reports.tweet_id AND\n                                                         npwd_twitter_reports.profile_id = ?\n                 LEFT OUTER JOIN npwd_twitter_tweets AS retweets ON retweets.id = npwd_twitter_tweets.retweet\n                 LEFT OUTER JOIN npwd_twitter_profiles AS retweets_profiles\n                                 ON retweets.identifier = retweets_profiles.identifier\n        WHERE npwd_twitter_tweets.visible = 1\n        ORDER BY id DESC\n        LIMIT ? OFFSET ?\n\t\t [1,1,\"25\",\"0\"]) in 30.056ms'","module":"DBInterface","timestamp":"2026-08-06T15:32:59.157Z"}
{"level":"silly","message":"Response Promise Event npwd:fetchTweets:86968140-9373-432a-bc87-d286ebb81939 (47.0677ms), Data >>","module":"events","timestamp":"2026-08-06T15:32:59.158Z"}
{"level":"silly","message":{"data":[],"status":"ok"},"module":"events","timestamp":"2026-08-06T15:32:59.158Z"}
{"level":"silly","message":"netPromise > npwd:getOrCreateTwitterProfile > RequestObj","module":"events","timestamp":"2026-08-06T15:32:59.235Z"}
{"level":"silly","message":{"data":null,"source":1},"module":"events","timestamp":"2026-08-06T15:32:59.235Z"}
{"level":"silly","message":"netPromise > phone:getMyProfile > RequestObj","module":"events","timestamp":"2026-08-06T15:32:59.236Z"}
{"level":"silly","message":{"data":null,"source":1},"module":"events","timestamp":"2026-08-06T15:32:59.236Z"}
{"level":"silly","message":"netPromise > npwd:fetchMessageGroups > RequestObj","module":"events","timestamp":"2026-08-06T15:32:59.237Z"}
{"level":"silly","message":{"data":null,"source":1},"module":"events","timestamp":"2026-08-06T15:32:59.237Z"}
{"level":"silly","message":"netPromise > npwd-contact-getAll > RequestObj","module":"events","timestamp":"2026-08-06T15:32:59.238Z"}
{"level":"silly","message":{"data":null,"source":1},"module":"events","timestamp":"2026-08-06T15:32:59.238Z"}
{"level":"info","message":"Executed query (\n        SELECT *\n        FROM npwd_twitter_profiles\n        WHERE identifier = ?\n        LIMIT 1\n\t\t [\"PFV2Q821\"]) in 7.5547ms'","module":"DBInterface","timestamp":"2026-08-06T15:32:59.243Z"}
{"level":"silly","message":"Response Promise Event npwd:getOrCreateTwitterProfile:b656acbd-12eb-4db8-a097-b3d72fce0e31 (8.5699ms), Data >>","module":"events","timestamp":"2026-08-06T15:32:59.244Z"}
{"level":"silly","message":{"data":{"avatar_url":"https://i.fivemanage.com/images/3ClWwmpwkFhL.png","createdAt":"2026-08-04T16:56:49.000Z","id":1,"identifier":"PFV2Q821","profile_name":"Admin_K","updatedAt":"2026-08-04T16:56:49.000Z"},"status":"ok"},"module":"events","timestamp":"2026-08-06T15:32:59.244Z"}
{"level":"info","message":"Executed query (SELECT npwd_messages_conversations.id,\n                          npwd_messages_conversations.conversation_list         as conversationList,\n                          npwd_messages_participants.unread_count               as unreadCount,\n                          npwd_messages_conversations.is_group_chat             as isGroupChat,\n                          npwd_messages_conversations.label,\n                          UNIX_TIMESTAMP(npwd_messages_conversations.updatedAt) as updatedAt,\n                          npwd_messages_participants.participant\n                   FROM npwd_messages_conversations\n                            INNER JOIN npwd_messages_participants\n                                       on npwd_messages_conversations.id = npwd_messages_participants.conversation_id\n                   WHERE npwd_messages_participants.participant = ? [\"9185637251\"]) in 59.4426ms'","module":"DBInterface","timestamp":"2026-08-06T15:32:59.297Z"}
{"level":"silly","message":"Response Promise Event npwd:fetchMessageGroups:6dfcc8c0-fa17-42ac-98aa-91dce1a2512a (60.05ms), Data >>","module":"events","timestamp":"2026-08-06T15:32:59.297Z"}
{"level":"info","message":"Executed query (\n        SELECT *,\n               UNIX_TIMESTAMP(updatedAt) AS lastActive\n        FROM npwd_match_profiles\n        WHERE identifier = ?\n        LIMIT 1\n\t\t [\"PFV2Q821\"]) in 62.1414ms'","module":"DBInterface","timestamp":"2026-08-06T15:32:59.298Z"}
{"level":"info","message":"Executed query (SELECT * FROM npwd_phone_contacts WHERE identifier = ? ORDER BY display ASC [\"PFV2Q821\"]) in 61.761ms'","module":"DBInterface","timestamp":"2026-08-06T15:32:59.300Z"}
{"level":"silly","message":{"data":[],"status":"ok"},"module":"events","timestamp":"2026-08-06T15:32:59.297Z"}
{"level":"silly","message":"Response Promise Event phone:getMyProfile:ba86db6c-2f74-4a7c-ae17-2d240ce5868a (63.3629ms), Data >>","module":"events","timestamp":"2026-08-06T15:32:59.299Z"}
{"level":"silly","message":{"data":{"bio":"","createdAt":"2026-08-04T16:56:49.000Z","id":1,"identifier":"PFV2Q821","image":"https://upload.wikimedia.org/wikipedia/commons/a/ac/No_image_available.svg","job":"","lastActive":1785862609,"lastActiveFormatted":"Tue, 04 Aug 2026 16:56:49 GMT","location":"","name":"Admin K","tagList":[],"tags":"","updatedAt":"2026-08-04T16:56:49.000Z","viewed":false,"voiceMessage":null},"status":"ok"},"module":"events","timestamp":"2026-08-06T15:32:59.299Z"}
{"level":"silly","message":"Response Promise Event npwd-contact-getAll:75b50ff0-8998-43c9-87d9-a8834666d1ed (62.1195ms), Data >>","module":"events","timestamp":"2026-08-06T15:32:59.300Z"}
{"level":"silly","message":{"data":[],"status":"ok"},"module":"events","timestamp":"2026-08-06T15:32:59.300Z"}
{"level":"silly","message":"netPromise > npwd:localShareContact > RequestObj","module":"events","timestamp":"2026-08-06T16:26:53.825Z"}
{"level":"silly","message":{"data":null,"source":1},"module":"events","timestamp":"2026-08-06T16:26:53.826Z"}
{"level":"silly","message":"Response Promise Event npwd:localShareContact:e28ce246-cf45-43c0-842b-8c9f8c5e2430 (2.0449ms), Data >>","module":"events","timestamp":"2026-08-06T16:26:53.827Z"}
{"level":"silly","message":{"status":"ok"},"module":"events","timestamp":"2026-08-06T16:26:53.827Z"}
{"level":"info","message":"Executed query (SELECT id FROM npwd_marketplace_listings WHERE identifier = ? [\"PFV2Q821\"]) in 13.7658ms'","module":"DBInterface","timestamp":"2026-08-06T16:28:26.290Z"}
{"level":"info","message":"Executed query (DELETE FROM npwd_marketplace_listings WHERE identifier = ? AND reported = 0 [\"PFV2Q821\"]) in 4.6768ms'","module":"DBInterface","timestamp":"2026-08-06T16:28:26.295Z"}
{"level":"info","message":"Unloaded NPWD Player, source: (1)","module":"player","timestamp":"2026-08-06T16:28:26.296Z"}
